Freq,Trace1,Trace2,Trace3,Trace4,Trace5,Trace6,
100000000,-63.9033851623535,-66.8203582763672,-63.9033851623535,-1000,-1000,-1000
114875000,-63.914722442627,-67.5849075317383,-63.914722442627,-1000,-1000,-1000
129750000,-63.6054954528809,-66.2442626953125,-63.6054954528809,-1000,-1000,-1000
144625000,-63.6348571777344,-66.3290939331055,-63.6348571777344,-1000,-1000,-1000
159500000,-63.6222839355469,-66.2717895507813,-63.6222839355469,-1000,-1000,-1000
174375000,-63.4322357177734,-66.0510635375977,-63.4322357177734,-1000,-1000,-1000
189250000,-54.7232246398926,-50.3885688781738,-54.7232246398926,-1000,-1000,-1000
204125000,-61.8756294250488,-63.6409492492676,-61.8756294250488,-1000,-1000,-1000
219000000,-49.540943145752,-46.1085433959961,-49.540943145752,-1000,-1000,-1000
233875000,-54.7717208862305,-60.9277305603027,-54.7717208862305,-1000,-1000,-1000
248750000,-50.7790985107422,-48.9256210327148,-50.7790985107422,-1000,-1000,-1000
263625000,-46.3626098632813,-48.3432655334473,-46.3626098632813,-1000,-1000,-1000
278500000,-42.8446311950684,-46.1775665283203,-42.8446311950684,-1000,-1000,-1000
293375000,-41.1816291809082,-44.7607688903809,-41.1816291809082,-1000,-1000,-1000
308250000,-37.7650718688965,-41.8094253540039,-37.7650718688965,-1000,-1000,-1000
323125000,-27.2878589630127,-28.8047676086426,-27.2878589630127,-1000,-1000,-1000
338000000,-23.7360572814941,-21.307092666626,-23.7360572814941,-1000,-1000,-1000
352875000,-31.7164363861084,-34.6627960205078,-31.7164363861084,-1000,-1000,-1000
367750000,-35.9324989318848,-37.6713562011719,-35.9324989318848,-1000,-1000,-1000
382625000,-38.9279365539551,-41.9922714233398,-38.9279365539551,-1000,-1000,-1000
397500000,-38.2321357727051,-39.5351791381836,-38.2321357727051,-1000,-1000,-1000
412375000,-39.7418212890625,-42.5316276550293,-39.7418212890625,-1000,-1000,-1000
427250000,-34.3632202148438,-38.2002258300781,-34.3632202148438,-1000,-1000,-1000
442125000,-30.6373252868652,-34.2561531066895,-30.6373252868652,-1000,-1000,-1000
457000000,-24.5802268981934,-24.2653388977051,-24.5802268981934,-1000,-1000,-1000
471875000,-25.611873626709,-27.1060009002686,-25.611873626709,-1000,-1000,-1000
486750000,-33.9666938781738,-38.0212707519531,-33.9666938781738,-1000,-1000,-1000
501625000,-37.5911407470703,-41.0152435302734,-37.5911407470703,-1000,-1000,-1000
516500000,-38.5660057067871,-41.3212928771973,-38.5660057067871,-1000,-1000,-1000
531375000,-38.7394409179688,-40.8855476379395,-38.7394409179688,-1000,-1000,-1000
546250000,-34.7387428283691,-36.5040588378906,-34.7387428283691,-1000,-1000,-1000
561125000,-27.358715057373,-27.2800769805908,-27.358715057373,-1000,-1000,-1000
576000000,-27.239896774292,-26.8770847320557,-27.239896774292,-1000,-1000,-1000
590875000,-30.082347869873,-33.1058769226074,-30.082347869873,-1000,-1000,-1000
605750000,-36.8175811767578,-40.4760932922363,-36.8175811767578,-1000,-1000,-1000
620625000,-39.3360595703125,-40.9636383056641,-39.3360595703125,-1000,-1000,-1000
635500000,-40.138355255127,-41.3554077148438,-40.138355255127,-1000,-1000,-1000
650375000,-39.2885513305664,-41.0207977294922,-39.2885513305664,-1000,-1000,-1000
665250000,-26.991662979126,-27.0375995635986,-26.991662979126,-1000,-1000,-1000
680125000,-33.1232757568359,-35.3302917480469,-33.1232757568359,-1000,-1000,-1000
695000000,-27.3293762207031,-27.9717102050781,-27.3293762207031,-1000,-1000,-1000
709875000,-40.0762062072754,-42.1435852050781,-40.0762062072754,-1000,-1000,-1000
724750000,-39.6965789794922,-39.894947052002,-39.6965789794922,-1000,-1000,-1000
739625000,-39.6012954711914,-41.8498573303223,-39.6012954711914,-1000,-1000,-1000
754500000,-21.3353290557861,-22.3341083526611,-21.3353290557861,-1000,-1000,-1000
769375000,-33.5541000366211,-35.4370079040527,-33.5541000366211,-1000,-1000,-1000
784250000,-24.1485805511475,-25.802921295166,-24.1485805511475,-1000,-1000,-1000
799125000,-38.2954063415527,-40.5715713500977,-38.2954063415527,-1000,-1000,-1000
814000000,-31.3023662567139,-32.6002655029297,-31.3023662567139,-1000,-1000,-1000
828875000,-29.8051147460938,-32.1991539001465,-29.8051147460938,-1000,-1000,-1000
843750000,-25.5959777832031,-27.7706546783447,-25.5959777832031,-1000,-1000,-1000
858625000,-32.0017204284668,-34.6078033447266,-32.0017204284668,-1000,-1000,-1000
873500000,-32.0408172607422,-35.1958999633789,-32.0408172607422,-1000,-1000,-1000
888375000,-29.234037399292,-32.9223098754883,-29.234037399292,-1000,-1000,-1000
903250000,-29.9704093933105,-32.4709739685059,-29.9704093933105,-1000,-1000,-1000
918125000,-30.5645084381104,-34.1973075866699,-30.5645084381104,-1000,-1000,-1000
933000000,-31.3110065460205,-35.5001449584961,-31.3110065460205,-1000,-1000,-1000
947875000,-31.2237586975098,-34.9116516113281,-31.2237586975098,-1000,-1000,-1000
962750000,-30.7922458648682,-34.2758102416992,-30.7922458648682,-1000,-1000,-1000
977625000,-32.3867797851563,-35.6528358459473,-32.3867797851563,-1000,-1000,-1000
992500000,-31.0632457733154,-33.8355140686035,-31.0632457733154,-1000,-1000,-1000
1007375000,-31.2651405334473,-34.4488868713379,-31.2651405334473,-1000,-1000,-1000
1022250000,-32.58740234375,-35.1919174194336,-32.58740234375,-1000,-1000,-1000
1037125000,-31.6005191802979,-35.0997047424316,-31.6005191802979,-1000,-1000,-1000
1052000000,-32.4916915893555,-36.6573104858398,-32.4916915893555,-1000,-1000,-1000
1066875000,-32.2394943237305,-36.355224609375,-32.2394943237305,-1000,-1000,-1000
1081750000,-32.2539405822754,-36.8036918640137,-32.2539405822754,-1000,-1000,-1000
1096625000,-34.7050971984863,-38.3461151123047,-34.7050971984863,-1000,-1000,-1000
1111500000,-31.5711212158203,-36.4790267944336,-31.5711212158203,-1000,-1000,-1000
1126375000,-31.2746849060059,-36.2987098693848,-31.2746849060059,-1000,-1000,-1000
1141250000,-33.6649360656738,-37.4351577758789,-33.6649360656738,-1000,-1000,-1000
1156125000,-33.0009727478027,-37.8070602416992,-33.0009727478027,-1000,-1000,-1000
1171000000,-33.0285682678223,-37.6975173950195,-33.0285682678223,-1000,-1000,-1000
1185875000,-33.9681510925293,-37.5289192199707,-33.9681510925293,-1000,-1000,-1000
1200750000,-31.8922576904297,-36.7499771118164,-31.8922576904297,-1000,-1000,-1000
1215625000,-31.9057960510254,-36.8116035461426,-31.9057960510254,-1000,-1000,-1000
1230500000,-34.4832801818848,-38.0153846740723,-34.4832801818848,-1000,-1000,-1000
1245375000,-32.1042938232422,-36.8284645080566,-32.1042938232422,-1000,-1000,-1000
1260250000,-31.8778171539307,-36.5927848815918,-31.8778171539307,-1000,-1000,-1000
1275125000,-34.2094612121582,-37.9106025695801,-34.2094612121582,-1000,-1000,-1000
1290000000,-32.1313552856445,-36.6512145996094,-32.1313552856445,-1000,-1000,-1000
1304875000,-31.9565086364746,-36.4023475646973,-31.9565086364746,-1000,-1000,-1000
1319750000,-33.7070350646973,-37.0775260925293,-33.7070350646973,-1000,-1000,-1000
1334625000,-32.6221351623535,-36.4452743530273,-32.6221351623535,-1000,-1000,-1000
1349500000,-31.7763347625732,-35.9958114624023,-31.7763347625732,-1000,-1000,-1000
1364375000,-33.0557632446289,-37.0031089782715,-33.0557632446289,-1000,-1000,-1000
1379250000,-32.9266548156738,-37.2944488525391,-32.9266548156738,-1000,-1000,-1000
1394125000,-31.7836990356445,-36.9267692565918,-31.7836990356445,-1000,-1000,-1000
1409000000,-32.8854522705078,-37.9006576538086,-32.8854522705078,-1000,-1000,-1000
1423875000,-34.7741775512695,-38.7906074523926,-34.7741775512695,-1000,-1000,-1000
1438750000,-32.6047286987305,-37.7632484436035,-32.6047286987305,-1000,-1000,-1000
1453625000,-32.6359786987305,-38.0053062438965,-32.6359786987305,-1000,-1000,-1000
1468500000,-34.1042289733887,-38.4499092102051,-34.1042289733887,-1000,-1000,-1000
1483375000,-34.3531875610352,-38.7079849243164,-34.3531875610352,-1000,-1000,-1000
1498250000,-33.7678184509277,-38.7115135192871,-33.7678184509277,-1000,-1000,-1000
1513125000,-34.1557235717773,-38.8142700195313,-34.1557235717773,-1000,-1000,-1000
1528000000,-35.8940048217773,-39.0080070495605,-35.8940048217773,-1000,-1000,-1000
1542875000,-33.9358596801758,-38.4283790588379,-33.9358596801758,-1000,-1000,-1000
1557750000,-33.9370384216309,-38.2115058898926,-33.9370384216309,-1000,-1000,-1000
1572625000,-35.6819953918457,-38.7496223449707,-35.6819953918457,-1000,-1000,-1000
1587500000,-38.1864776611328,-40.5642166137695,-38.1864776611328,-1000,-1000,-1000
1602375000,-35.7215385437012,-39.9856376647949,-35.7215385437012,-1000,-1000,-1000
1617250000,-35.2356986999512,-39.0674819946289,-35.2356986999512,-1000,-1000,-1000
1632125000,-35.8144340515137,-39.1642761230469,-35.8144340515137,-1000,-1000,-1000
1647000000,-37.0798110961914,-40.0396156311035,-37.0798110961914,-1000,-1000,-1000
1661875000,-35.6317749023438,-40.7462882995605,-35.6317749023438,-1000,-1000,-1000
1676750000,-35.8094520568848,-40.6739807128906,-35.8094520568848,-1000,-1000,-1000
1691625000,-36.9216804504395,-40.7073402404785,-36.9216804504395,-1000,-1000,-1000
1706500000,-38.1975708007813,-41.7037467956543,-38.1975708007813,-1000,-1000,-1000
1721375000,-36.8062515258789,-41.8089637756348,-36.8062515258789,-1000,-1000,-1000
1736250000,-36.0041465759277,-40.6549453735352,-36.0041465759277,-1000,-1000,-1000
1751125000,-36.226505279541,-40.3857154846191,-36.226505279541,-1000,-1000,-1000
1766000000,-37.1536064147949,-40.7872467041016,-37.1536064147949,-1000,-1000,-1000
1780875000,-36.1729316711426,-41.3782844543457,-36.1729316711426,-1000,-1000,-1000
1795750000,-35.5991592407227,-40.2343254089355,-35.5991592407227,-1000,-1000,-1000
1810625000,-35.6134986877441,-39.4147567749023,-35.6134986877441,-1000,-1000,-1000
1825500000,-36.3080101013184,-39.8036842346191,-36.3080101013184,-1000,-1000,-1000
1840375000,-36.8679618835449,-41.0174140930176,-36.8679618835449,-1000,-1000,-1000
1855250000,-36.3299255371094,-40.329833984375,-36.3299255371094,-1000,-1000,-1000
1870125000,-35.5107536315918,-39.1071815490723,-35.5107536315918,-1000,-1000,-1000
1885000000,-35.7343139648438,-39.1749000549316,-35.7343139648438,-1000,-1000,-1000
1899875000,-36.2798080444336,-40.4045829772949,-36.2798080444336,-1000,-1000,-1000
1914750000,-36.1235847473145,-40.9608001708984,-36.1235847473145,-1000,-1000,-1000
1929625000,-36.0865631103516,-40.3404350280762,-36.0865631103516,-1000,-1000,-1000
1944500000,-36.3619995117188,-40.4207420349121,-36.3619995117188,-1000,-1000,-1000
1959375000,-37.383228302002,-41.6526298522949,-37.383228302002,-1000,-1000,-1000
1974250000,-38.0118408203125,-42.9837226867676,-38.0118408203125,-1000,-1000,-1000
1989125000,-37.0601577758789,-41.6324119567871,-37.0601577758789,-1000,-1000,-1000
2004000000,-36.8969078063965,-41.1766624450684,-36.8969078063965,-1000,-1000,-1000
2018875000,-36.8431701660156,-41.0817680358887,-36.8431701660156,-1000,-1000,-1000
2033750000,-37.7041206359863,-42.7105979919434,-37.7041206359863,-1000,-1000,-1000
2048625000,-38.0884895324707,-43.2577247619629,-38.0884895324707,-1000,-1000,-1000
2063500000,-38.3088798522949,-42.9350433349609,-38.3088798522949,-1000,-1000,-1000
2078375000,-38.4426574707031,-42.4542808532715,-38.4426574707031,-1000,-1000,-1000
2093250000,-38.7732887268066,-43.1928596496582,-38.7732887268066,-1000,-1000,-1000
2108125000,-39.0572242736816,-43.601734161377,-39.0572242736816,-1000,-1000,-1000
2123000000,-39.473388671875,-43.7176704406738,-39.473388671875,-1000,-1000,-1000
2137875000,-38.2819900512695,-42.1909217834473,-38.2819900512695,-1000,-1000,-1000
2152750000,-38.0996284484863,-41.8136444091797,-38.0996284484863,-1000,-1000,-1000
2167625000,-38.1383171081543,-42.1216735839844,-38.1383171081543,-1000,-1000,-1000
2182500000,-39.5279579162598,-43.7964706420898,-39.5279579162598,-1000,-1000,-1000
2197375000,-40.3024559020996,-44.6927032470703,-40.3024559020996,-1000,-1000,-1000
2212250000,-40.0358543395996,-44.2286071777344,-40.0358543395996,-1000,-1000,-1000
2227125000,-39.6585426330566,-43.8773307800293,-39.6585426330566,-1000,-1000,-1000
2242000000,-39.7565536499023,-44.1325988769531,-39.7565536499023,-1000,-1000,-1000
2256875000,-40.1311340332031,-44.6331100463867,-40.1311340332031,-1000,-1000,-1000
2271750000,-40.0648193359375,-44.6221618652344,-40.0648193359375,-1000,-1000,-1000
2286625000,-39.4518165588379,-43.8651084899902,-39.4518165588379,-1000,-1000,-1000
2301500000,-38.8674736022949,-43.2065315246582,-38.8674736022949,-1000,-1000,-1000
2316375000,-39.0415573120117,-43.4674186706543,-39.0415573120117,-1000,-1000,-1000
2331250000,-39.1304740905762,-43.6378440856934,-39.1304740905762,-1000,-1000,-1000
2346125000,-39.7154579162598,-44.1664695739746,-39.7154579162598,-1000,-1000,-1000
2361000000,-39.8268356323242,-44.0729904174805,-39.8268356323242,-1000,-1000,-1000
2375875000,-39.4651870727539,-43.3138580322266,-39.4651870727539,-1000,-1000,-1000
2390750000,-38.8154754638672,-43.0341644287109,-38.8154754638672,-1000,-1000,-1000
2405625000,-38.2241668701172,-42.5348777770996,-38.2241668701172,-1000,-1000,-1000
2420500000,-38.3508987426758,-42.6438064575195,-38.3508987426758,-1000,-1000,-1000
2435375000,-38.6021766662598,-42.8441047668457,-38.6021766662598,-1000,-1000,-1000
2450250000,-38.1175155639648,-42.4491386413574,-38.1175155639648,-1000,-1000,-1000
2465125000,-37.7956275939941,-42.3300437927246,-37.7956275939941,-1000,-1000,-1000
2480000000,-37.7753257751465,-42.2488746643066,-37.7753257751465,-1000,-1000,-1000
2494875000,-38.2528381347656,-42.9527473449707,-38.2528381347656,-1000,-1000,-1000
2509750000,-39.1113700866699,-43.7736854553223,-39.1113700866699,-1000,-1000,-1000
2524625000,-39.3847045898438,-43.8891677856445,-39.3847045898438,-1000,-1000,-1000
2539500000,-39.4852523803711,-43.8720893859863,-39.4852523803711,-1000,-1000,-1000
2554375000,-39.2532844543457,-43.8190002441406,-39.2532844543457,-1000,-1000,-1000
2569250000,-39.1478042602539,-43.9716339111328,-39.1478042602539,-1000,-1000,-1000
2584125000,-39.6289939880371,-44.2782363891602,-39.6289939880371,-1000,-1000,-1000
2599000000,-39.6417694091797,-44.2343406677246,-39.6417694091797,-1000,-1000,-1000
2613875000,-39.5758972167969,-44.1495666503906,-39.5758972167969,-1000,-1000,-1000
2628750000,-39.2899589538574,-43.7652587890625,-39.2899589538574,-1000,-1000,-1000
2643625000,-39.3109893798828,-43.7290840148926,-39.3109893798828,-1000,-1000,-1000
2658500000,-39.2333068847656,-43.5517921447754,-39.2333068847656,-1000,-1000,-1000
2673375000,-40.1789703369141,-44.3465843200684,-40.1789703369141,-1000,-1000,-1000
2688250000,-40.884407043457,-44.8398361206055,-40.884407043457,-1000,-1000,-1000
2703125000,-41.1736679077148,-44.9306602478027,-41.1736679077148,-1000,-1000,-1000
2718000000,-40.6349906921387,-44.5018844604492,-40.6349906921387,-1000,-1000,-1000
2732875000,-39.2908325195313,-43.3515853881836,-39.2908325195313,-1000,-1000,-1000
2747750000,-38.5162544250488,-42.6358108520508,-38.5162544250488,-1000,-1000,-1000
2762625000,-38.2431335449219,-42.6309356689453,-38.2431335449219,-1000,-1000,-1000
2777500000,-38.2944946289063,-42.7482109069824,-38.2944946289063,-1000,-1000,-1000
2792375000,-38.4183006286621,-42.867603302002,-38.4183006286621,-1000,-1000,-1000
2807250000,-38.5072250366211,-43.0344314575195,-38.5072250366211,-1000,-1000,-1000
2822125000,-39.0238723754883,-43.599796295166,-39.0238723754883,-1000,-1000,-1000
2837000000,-39.6725120544434,-44.1699066162109,-39.6725120544434,-1000,-1000,-1000
2851875000,-39.7069511413574,-43.9863739013672,-39.7069511413574,-1000,-1000,-1000
2866750000,-39.3539123535156,-43.6501350402832,-39.3539123535156,-1000,-1000,-1000
2881625000,-39.014518737793,-43.249397277832,-39.014518737793,-1000,-1000,-1000
2896500000,-38.5766868591309,-42.7736968994141,-38.5766868591309,-1000,-1000,-1000
2911375000,-37.7809219360352,-41.8723106384277,-37.7809219360352,-1000,-1000,-1000
2926250000,-37.1877059936523,-41.4819450378418,-37.1877059936523,-1000,-1000,-1000
2941125000,-36.9992790222168,-41.3151168823242,-36.9992790222168,-1000,-1000,-1000
2956000000,-36.9303016662598,-41.329231262207,-36.9303016662598,-1000,-1000,-1000
2970875000,-37.1817665100098,-41.5465545654297,-37.1817665100098,-1000,-1000,-1000
2985750000,-37.4791641235352,-41.8020629882813,-37.4791641235352,-1000,-1000,-1000
3000625000,-37.9926948547363,-42.1587409973145,-37.9926948547363,-1000,-1000,-1000
3015500000,-38.0674476623535,-42.3561706542969,-38.0674476623535,-1000,-1000,-1000
3030375000,-37.6091651916504,-42.0597877502441,-37.6091651916504,-1000,-1000,-1000
3045250000,-37.0658950805664,-41.5015144348145,-37.0658950805664,-1000,-1000,-1000
3060125000,-36.8220329284668,-41.3326950073242,-36.8220329284668,-1000,-1000,-1000
3075000000,-36.7945213317871,-41.3402938842773,-36.7945213317871,-1000,-1000,-1000
3089875000,-36.9293670654297,-41.3156585693359,-36.9293670654297,-1000,-1000,-1000
3104750000,-37.2570724487305,-41.8537330627441,-37.2570724487305,-1000,-1000,-1000
3119625000,-37.7269630432129,-42.3013076782227,-37.7269630432129,-1000,-1000,-1000
3134500000,-38.3580207824707,-42.8919410705566,-38.3580207824707,-1000,-1000,-1000
3149375000,-39.0400009155273,-43.6547393798828,-39.0400009155273,-1000,-1000,-1000
3164250000,-39.3780097961426,-43.5928726196289,-39.3780097961426,-1000,-1000,-1000
3179125000,-39.4524574279785,-43.7624778747559,-39.4524574279785,-1000,-1000,-1000
3194000000,-39.4400482177734,-43.923526763916,-39.4400482177734,-1000,-1000,-1000
3208875000,-39.5000267028809,-43.9317779541016,-39.5000267028809,-1000,-1000,-1000
3223750000,-39.7296142578125,-43.4616279602051,-39.7296142578125,-1000,-1000,-1000
3238625000,-38.9700355529785,-42.8596878051758,-38.9700355529785,-1000,-1000,-1000
3253500000,-38.0498237609863,-41.9677696228027,-38.0498237609863,-1000,-1000,-1000
3268375000,-37.4910736083984,-41.5273170471191,-37.4910736083984,-1000,-1000,-1000
3283250000,-37.200325012207,-41.4656257629395,-37.200325012207,-1000,-1000,-1000
3298125000,-37.0745811462402,-41.3891258239746,-37.0745811462402,-1000,-1000,-1000
3313000000,-37.3313598632813,-41.7446556091309,-37.3313598632813,-1000,-1000,-1000
3327875000,-38.1865043640137,-42.5836296081543,-38.1865043640137,-1000,-1000,-1000
3342750000,-39.0859870910645,-43.391960144043,-39.0859870910645,-1000,-1000,-1000
3357625000,-39.1437072753906,-43.4438552856445,-39.1437072753906,-1000,-1000,-1000
3372500000,-38.9922981262207,-43.1218376159668,-38.9922981262207,-1000,-1000,-1000
3387375000,-38.9482345581055,-43.1987571716309,-38.9482345581055,-1000,-1000,-1000
3402250000,-38.6288032531738,-43.177978515625,-38.6288032531738,-1000,-1000,-1000
3417125000,-38.2595558166504,-42.4227867126465,-38.2595558166504,-1000,-1000,-1000
3432000000,-38.1148948669434,-42.4057998657227,-38.1148948669434,-1000,-1000,-1000
3446875000,-38.3628845214844,-42.5644683837891,-38.3628845214844,-1000,-1000,-1000
3461750000,-38.5971069335938,-42.6763954162598,-38.5971069335938,-1000,-1000,-1000
3476625000,-38.4007034301758,-42.388256072998,-38.4007034301758,-1000,-1000,-1000
3491500000,-37.7645835876465,-41.7097206115723,-37.7645835876465,-1000,-1000,-1000
3506375000,-37.411434173584,-41.3143920898438,-37.411434173584,-1000,-1000,-1000
3521250000,-36.9944839477539,-41.2241821289063,-36.9944839477539,-1000,-1000,-1000
3536125000,-37.0080375671387,-41.2036361694336,-37.0080375671387,-1000,-1000,-1000
3551000000,-37.4029006958008,-41.6523056030273,-37.4029006958008,-1000,-1000,-1000
3565875000,-37.9769515991211,-42.220630645752,-37.9769515991211,-1000,-1000,-1000
3580750000,-38.397533416748,-42.8087959289551,-38.397533416748,-1000,-1000,-1000
3595625000,-38.3223648071289,-42.8038368225098,-38.3223648071289,-1000,-1000,-1000
3610500000,-37.4636726379395,-41.8652610778809,-37.4636726379395,-1000,-1000,-1000
3625375000,-37.3140869140625,-41.8886871337891,-37.3140869140625,-1000,-1000,-1000
3640250000,-37.1095581054688,-41.6860427856445,-37.1095581054688,-1000,-1000,-1000
3655125000,-36.7955627441406,-41.4855499267578,-36.7955627441406,-1000,-1000,-1000
3670000000,-37.0667877197266,-41.5241966247559,-37.0667877197266,-1000,-1000,-1000
3684875000,-37.4873504638672,-41.936336517334,-37.4873504638672,-1000,-1000,-1000
3699750000,-37.7726860046387,-42.2793159484863,-37.7726860046387,-1000,-1000,-1000
3714625000,-37.9095840454102,-42.396369934082,-37.9095840454102,-1000,-1000,-1000
3729500000,-37.9727516174316,-42.4503440856934,-37.9727516174316,-1000,-1000,-1000
3744375000,-37.9334945678711,-42.2589378356934,-37.9334945678711,-1000,-1000,-1000
3759250000,-37.3638496398926,-41.8881187438965,-37.3638496398926,-1000,-1000,-1000
3774125000,-37.3149833679199,-41.8642425537109,-37.3149833679199,-1000,-1000,-1000
3789000000,-38.046802520752,-42.3043785095215,-38.046802520752,-1000,-1000,-1000
3803875000,-38.6485176086426,-42.9552459716797,-38.6485176086426,-1000,-1000,-1000
3818750000,-39.0249862670898,-43.2192687988281,-39.0249862670898,-1000,-1000,-1000
3833625000,-39.2652931213379,-43.4679260253906,-39.2652931213379,-1000,-1000,-1000
3848500000,-39.2081069946289,-43.5589752197266,-39.2081069946289,-1000,-1000,-1000
3863375000,-38.5488433837891,-42.9819793701172,-38.5488433837891,-1000,-1000,-1000
3878250000,-37.8128776550293,-42.3092193603516,-37.8128776550293,-1000,-1000,-1000
3893125000,-37.3256340026855,-41.814582824707,-37.3256340026855,-1000,-1000,-1000
3908000000,-37.4869194030762,-41.8839988708496,-37.4869194030762,-1000,-1000,-1000
3922875000,-37.6691551208496,-42.0780868530273,-37.6691551208496,-1000,-1000,-1000
3937750000,-38.247932434082,-42.4936828613281,-38.247932434082,-1000,-1000,-1000
3952625000,-38.3344306945801,-42.7491683959961,-38.3344306945801,-1000,-1000,-1000
3967500000,-38.7205696105957,-43.0692100524902,-38.7205696105957,-1000,-1000,-1000
3982375000,-38.5234413146973,-42.8690376281738,-38.5234413146973,-1000,-1000,-1000
3997250000,-37.6522216796875,-42.0449485778809,-37.6522216796875,-1000,-1000,-1000
4012125000,-37.6314888000488,-41.924373626709,-37.6314888000488,-1000,-1000,-1000
4027000000,-37.6922874450684,-42.0078735351563,-37.6922874450684,-1000,-1000,-1000
4041875000,-37.9611206054688,-42.3597297668457,-37.9611206054688,-1000,-1000,-1000
4056750000,-38.2703170776367,-42.6460952758789,-38.2703170776367,-1000,-1000,-1000
4071625000,-38.8219604492188,-43.141918182373,-38.8219604492188,-1000,-1000,-1000
4086500000,-39.0501365661621,-43.3686103820801,-39.0501365661621,-1000,-1000,-1000
4101375000,-38.3449401855469,-42.851490020752,-38.3449401855469,-1000,-1000,-1000
4116250000,-38.0633430480957,-42.6310157775879,-38.0633430480957,-1000,-1000,-1000
4131125000,-37.8542175292969,-42.3828964233398,-37.8542175292969,-1000,-1000,-1000
4146000000,-38.1116905212402,-42.5051002502441,-38.1116905212402,-1000,-1000,-1000
4160875000,-38.2745704650879,-42.786548614502,-38.2745704650879,-1000,-1000,-1000
4175750000,-38.7875595092773,-43.2170639038086,-38.7875595092773,-1000,-1000,-1000
4190625000,-39.4071159362793,-44.0348892211914,-39.4071159362793,-1000,-1000,-1000
4205500000,-39.8046455383301,-44.7083435058594,-39.8046455383301,-1000,-1000,-1000
4220375000,-39.7853698730469,-44.5481719970703,-39.7853698730469,-1000,-1000,-1000
4235250000,-39.2378158569336,-43.9848861694336,-39.2378158569336,-1000,-1000,-1000
4250125000,-39.2289085388184,-43.8303756713867,-39.2289085388184,-1000,-1000,-1000
4265000000,-38.8304901123047,-43.3552589416504,-38.8304901123047,-1000,-1000,-1000
4279875000,-38.8043899536133,-43.2696876525879,-38.8043899536133,-1000,-1000,-1000
4294750000,-38.7697296142578,-43.4494552612305,-38.7697296142578,-1000,-1000,-1000
4309625000,-39.5368614196777,-43.994987487793,-39.5368614196777,-1000,-1000,-1000
4324500000,-40.3538513183594,-44.8427238464355,-40.3538513183594,-1000,-1000,-1000
4339375000,-40.4747695922852,-45.044132232666,-40.4747695922852,-1000,-1000,-1000
4354250000,-40.7042198181152,-45.218936920166,-40.7042198181152,-1000,-1000,-1000
4369125000,-40.2646293640137,-44.8063125610352,-40.2646293640137,-1000,-1000,-1000
4384000000,-39.7539596557617,-44.2135543823242,-39.7539596557617,-1000,-1000,-1000
4398875000,-39.3533782958984,-43.8941688537598,-39.3533782958984,-1000,-1000,-1000
4413750000,-39.5814933776855,-44.0972938537598,-39.5814933776855,-1000,-1000,-1000
4428625000,-40.0262145996094,-44.4783325195313,-40.0262145996094,-1000,-1000,-1000
4443500000,-40.9566841125488,-45.6886596679688,-40.9566841125488,-1000,-1000,-1000
4458375000,-41.035831451416,-45.8408470153809,-41.035831451416,-1000,-1000,-1000
4473250000,-41.5254707336426,-46.0890731811523,-41.5254707336426,-1000,-1000,-1000
4488125000,-41.5275764465332,-46.1053695678711,-41.5275764465332,-1000,-1000,-1000
4503000000,-40.7896156311035,-45.2816734313965,-40.7896156311035,-1000,-1000,-1000
4517875000,-40.3619956970215,-44.7692832946777,-40.3619956970215,-1000,-1000,-1000
4532750000,-40.1692428588867,-44.5959930419922,-40.1692428588867,-1000,-1000,-1000
4547625000,-39.8745231628418,-44.3752746582031,-39.8745231628418,-1000,-1000,-1000
4562500000,-40.0020523071289,-44.5587463378906,-40.0020523071289,-1000,-1000,-1000
4577375000,-39.9638633728027,-44.5165100097656,-39.9638633728027,-1000,-1000,-1000
4592250000,-40.5642280578613,-45.2803153991699,-40.5642280578613,-1000,-1000,-1000
4607125000,-40.6629257202148,-45.2813529968262,-40.6629257202148,-1000,-1000,-1000
4622000000,-40.3704605102539,-45.0655975341797,-40.3704605102539,-1000,-1000,-1000
4636875000,-40.2738380432129,-44.8154640197754,-40.2738380432129,-1000,-1000,-1000
4651750000,-40.1806869506836,-44.7603492736816,-40.1806869506836,-1000,-1000,-1000
4666625000,-40.1704444885254,-44.7610168457031,-40.1704444885254,-1000,-1000,-1000
4681500000,-39.9052200317383,-44.5302734375,-39.9052200317383,-1000,-1000,-1000
4696375000,-39.839298248291,-44.5384826660156,-39.839298248291,-1000,-1000,-1000
4711250000,-40.252197265625,-45.0060234069824,-40.252197265625,-1000,-1000,-1000
4726125000,-40.2105903625488,-45.0599594116211,-40.2105903625488,-1000,-1000,-1000
4741000000,-40.1301231384277,-44.8447418212891,-40.1301231384277,-1000,-1000,-1000
4755875000,-40.0906600952148,-44.8349914550781,-40.0906600952148,-1000,-1000,-1000
4770750000,-39.9864845275879,-44.5085487365723,-39.9864845275879,-1000,-1000,-1000
4785625000,-39.4483680725098,-44.1575469970703,-39.4483680725098,-1000,-1000,-1000
4800500000,-39.5321502685547,-44.0087966918945,-39.5321502685547,-1000,-1000,-1000
4815375000,-39.4794502258301,-44.0715560913086,-39.4794502258301,-1000,-1000,-1000
4830250000,-39.8832740783691,-44.5141067504883,-39.8832740783691,-1000,-1000,-1000
4845125000,-40.2162666320801,-44.9049339294434,-40.2162666320801,-1000,-1000,-1000
4860000000,-40.9258232116699,-45.320011138916,-40.9258232116699,-1000,-1000,-1000
4874875000,-41.179271697998,-45.5356369018555,-41.179271697998,-1000,-1000,-1000
4889750000,-41.6278533935547,-46.1056747436523,-41.6278533935547,-1000,-1000,-1000
4904625000,-41.3556327819824,-45.7874450683594,-41.3556327819824,-1000,-1000,-1000
4919500000,-41.1186866760254,-45.4018974304199,-41.1186866760254,-1000,-1000,-1000
4934375000,-40.7864952087402,-45.2087554931641,-40.7864952087402,-1000,-1000,-1000
4949250000,-40.5827674865723,-45.0247230529785,-40.5827674865723,-1000,-1000,-1000
4964125000,-40.2583656311035,-44.7063484191895,-40.2583656311035,-1000,-1000,-1000
4979000000,-39.9536590576172,-44.6662178039551,-39.9536590576172,-1000,-1000,-1000
4993875000,-40.0017242431641,-44.6246185302734,-40.0017242431641,-1000,-1000,-1000
5008750000,-40.248950958252,-44.984001159668,-40.248950958252,-1000,-1000,-1000
5023625000,-40.3043670654297,-44.9594535827637,-40.3043670654297,-1000,-1000,-1000
5038500000,-40.6133308410645,-45.2181510925293,-40.6133308410645,-1000,-1000,-1000
5053375000,-41.1971626281738,-45.5619506835938,-41.1971626281738,-1000,-1000,-1000
5068250000,-41.211124420166,-45.4008483886719,-41.211124420166,-1000,-1000,-1000
5083125000,-40.8965682983398,-45.0593948364258,-40.8965682983398,-1000,-1000,-1000
5098000000,-40.5423278808594,-44.8982963562012,-40.5423278808594,-1000,-1000,-1000
5112875000,-40.5188064575195,-44.8008422851563,-40.5188064575195,-1000,-1000,-1000
5127750000,-40.062671661377,-44.3943901062012,-40.062671661377,-1000,-1000,-1000
5142625000,-39.7914428710938,-44.2150268554688,-39.7914428710938,-1000,-1000,-1000
5157500000,-39.6855926513672,-44.1709175109863,-39.6855926513672,-1000,-1000,-1000
5172375000,-39.6069068908691,-44.2869834899902,-39.6069068908691,-1000,-1000,-1000
5187250000,-39.5833854675293,-44.1782073974609,-39.5833854675293,-1000,-1000,-1000
5202125000,-39.7355842590332,-44.2770881652832,-39.7355842590332,-1000,-1000,-1000
5217000000,-39.7138938903809,-44.2375793457031,-39.7138938903809,-1000,-1000,-1000
5231875000,-39.6638565063477,-44.1251754760742,-39.6638565063477,-1000,-1000,-1000
5246750000,-39.4090690612793,-43.8657989501953,-39.4090690612793,-1000,-1000,-1000
5261625000,-39.3895835876465,-43.8717079162598,-39.3895835876465,-1000,-1000,-1000
5276500000,-39.5264930725098,-44.0107460021973,-39.5264930725098,-1000,-1000,-1000
5291375000,-39.8661193847656,-44.3558197021484,-39.8661193847656,-1000,-1000,-1000
5306250000,-39.9565849304199,-44.4532890319824,-39.9565849304199,-1000,-1000,-1000
5321125000,-40.0693397521973,-44.5241546630859,-40.0693397521973,-1000,-1000,-1000
5336000000,-40.4712219238281,-44.855842590332,-40.4712219238281,-1000,-1000,-1000
5350875000,-40.524787902832,-44.8744506835938,-40.524787902832,-1000,-1000,-1000
5365750000,-40.3886985778809,-44.8060073852539,-40.3886985778809,-1000,-1000,-1000
5380625000,-40.4620742797852,-44.8429985046387,-40.4620742797852,-1000,-1000,-1000
5395500000,-40.6731491088867,-44.8842124938965,-40.6731491088867,-1000,-1000,-1000
5410375000,-40.3496894836426,-44.7526206970215,-40.3496894836426,-1000,-1000,-1000
5425250000,-40.207878112793,-44.6108131408691,-40.207878112793,-1000,-1000,-1000
5440125000,-40.3061447143555,-44.7334022521973,-40.3061447143555,-1000,-1000,-1000
5455000000,-40.6783065795898,-45.2073287963867,-40.6783065795898,-1000,-1000,-1000
5469875000,-40.8395080566406,-45.401725769043,-40.8395080566406,-1000,-1000,-1000
5484750000,-40.841926574707,-45.2657775878906,-40.841926574707,-1000,-1000,-1000
5499625000,-41.131275177002,-45.5271987915039,-41.131275177002,-1000,-1000,-1000
5514500000,-41.2025260925293,-45.5105819702148,-41.2025260925293,-1000,-1000,-1000
5529375000,-41.072582244873,-45.353588104248,-41.072582244873,-1000,-1000,-1000
5544250000,-41.0123023986816,-45.1952171325684,-41.0123023986816,-1000,-1000,-1000
5559125000,-40.9047660827637,-45.2080879211426,-40.9047660827637,-1000,-1000,-1000
5574000000,-40.6063957214355,-44.8976898193359,-40.6063957214355,-1000,-1000,-1000
5588875000,-40.3796043395996,-44.6292037963867,-40.3796043395996,-1000,-1000,-1000
5603750000,-40.0484504699707,-44.3624572753906,-40.0484504699707,-1000,-1000,-1000
5618625000,-40.0849266052246,-44.3981285095215,-40.0849266052246,-1000,-1000,-1000
5633500000,-39.881778717041,-44.2582931518555,-39.881778717041,-1000,-1000,-1000
5648375000,-39.6830940246582,-44.1947975158691,-39.6830940246582,-1000,-1000,-1000
5663250000,-39.805492401123,-44.148998260498,-39.805492401123,-1000,-1000,-1000
5678125000,-40.0391159057617,-44.288516998291,-40.0391159057617,-1000,-1000,-1000
5693000000,-40.0899887084961,-44.3930702209473,-40.0899887084961,-1000,-1000,-1000
5707875000,-40.0949287414551,-44.4245986938477,-40.0949287414551,-1000,-1000,-1000
5722750000,-39.9329490661621,-44.2279167175293,-39.9329490661621,-1000,-1000,-1000
5737625000,-39.895320892334,-44.2527732849121,-39.895320892334,-1000,-1000,-1000
5752500000,-39.7278518676758,-44.1412162780762,-39.7278518676758,-1000,-1000,-1000
5767375000,-39.7026023864746,-44.1052284240723,-39.7026023864746,-1000,-1000,-1000
5782250000,-39.6279754638672,-43.9724922180176,-39.6279754638672,-1000,-1000,-1000
5797125000,-39.6025886535645,-44.0897560119629,-39.6025886535645,-1000,-1000,-1000
5812000000,-39.6305656433105,-43.9776878356934,-39.6305656433105,-1000,-1000,-1000
5826875000,-39.5956001281738,-44.0232849121094,-39.5956001281738,-1000,-1000,-1000
5841750000,-39.857048034668,-44.1733322143555,-39.857048034668,-1000,-1000,-1000
5856625000,-39.8673439025879,-44.1912803649902,-39.8673439025879,-1000,-1000,-1000
5871500000,-39.8099250793457,-44.1004867553711,-39.8099250793457,-1000,-1000,-1000
5886375000,-39.7115173339844,-44.106128692627,-39.7115173339844,-1000,-1000,-1000
5901250000,-39.8896827697754,-44.1581230163574,-39.8896827697754,-1000,-1000,-1000
5916125000,-40.1341819763184,-44.309497833252,-40.1341819763184,-1000,-1000,-1000
5931000000,-40.1624450683594,-44.4136238098145,-40.1624450683594,-1000,-1000,-1000
5945875000,-40.2160034179688,-44.5334243774414,-40.2160034179688,-1000,-1000,-1000
5960750000,-40.4252243041992,-44.7007064819336,-40.4252243041992,-1000,-1000,-1000
5975625000,-40.4688262939453,-44.8648376464844,-40.4688262939453,-1000,-1000,-1000
5990500000,-40.9348526000977,-45.0970802307129,-40.9348526000977,-1000,-1000,-1000
6005375000,-40.9004135131836,-45.2009162902832,-40.9004135131836,-1000,-1000,-1000
6020250000,-41.1312217712402,-45.2774353027344,-41.1312217712402,-1000,-1000,-1000
6035125000,-41.0435981750488,-45.200008392334,-41.0435981750488,-1000,-1000,-1000
6050000000,-41.0241661071777,-45.1572608947754,-41.0241661071777,-1000,-1000,-1000
6064875000,-40.8938674926758,-44.9978485107422,-40.8938674926758,-1000,-1000,-1000
6079750000,-40.9179077148438,-45.0626335144043,-40.9179077148438,-1000,-1000,-1000
6094625000,-40.6433601379395,-44.7255401611328,-40.6433601379395,-1000,-1000,-1000
6109500000,-40.4720001220703,-44.5505065917969,-40.4720001220703,-1000,-1000,-1000
6124375000,-40.3674049377441,-44.6779937744141,-40.3674049377441,-1000,-1000,-1000
6139250000,-40.2849273681641,-44.5038070678711,-40.2849273681641,-1000,-1000,-1000
6154125000,-40.4599266052246,-44.6071739196777,-40.4599266052246,-1000,-1000,-1000
6169000000,-40.3507194519043,-44.3964500427246,-40.3507194519043,-1000,-1000,-1000
6183875000,-40.467472076416,-44.4497032165527,-40.467472076416,-1000,-1000,-1000
6198750000,-40.350040435791,-44.4371643066406,-40.350040435791,-1000,-1000,-1000
6213625000,-40.4147071838379,-44.4606742858887,-40.4147071838379,-1000,-1000,-1000
6228500000,-40.283519744873,-44.3460884094238,-40.283519744873,-1000,-1000,-1000
6243375000,-40.2987861633301,-44.4346656799316,-40.2987861633301,-1000,-1000,-1000
6258250000,-40.2205123901367,-44.3401565551758,-40.2205123901367,-1000,-1000,-1000
6273125000,-40.0701217651367,-44.252254486084,-40.0701217651367,-1000,-1000,-1000
6288000000,-39.8758201599121,-44.1043930053711,-39.8758201599121,-1000,-1000,-1000
6302875000,-39.9167633056641,-44.088809967041,-39.9167633056641,-1000,-1000,-1000
6317750000,-39.9134063720703,-44.1715354919434,-39.9134063720703,-1000,-1000,-1000
6332625000,-40.0243988037109,-44.1331901550293,-40.0243988037109,-1000,-1000,-1000
6347500000,-40.0949325561523,-44.1596298217773,-40.0949325561523,-1000,-1000,-1000
6362375000,-40.2904586791992,-44.294303894043,-40.2904586791992,-1000,-1000,-1000
6377250000,-40.2977027893066,-44.4092445373535,-40.2977027893066,-1000,-1000,-1000
6392125000,-41.0285835266113,-44.4888000488281,-41.0285835266113,-1000,-1000,-1000
6407000000,-40.4117660522461,-44.4078521728516,-40.4117660522461,-1000,-1000,-1000
6421875000,-40.6022987365723,-44.4753265380859,-40.6022987365723,-1000,-1000,-1000
6436750000,-40.3318214416504,-44.3032455444336,-40.3318214416504,-1000,-1000,-1000
6451625000,-40.4866676330566,-44.4324569702148,-40.4866676330566,-1000,-1000,-1000
6466500000,-40.1743011474609,-44.2230644226074,-40.1743011474609,-1000,-1000,-1000
6481375000,-40.187370300293,-44.3506355285645,-40.187370300293,-1000,-1000,-1000
6496250000,-40.3112602233887,-44.35009765625,-40.3112602233887,-1000,-1000,-1000
6511125000,-40.4476432800293,-44.5713043212891,-40.4476432800293,-1000,-1000,-1000
6526000000,-40.727855682373,-44.7695503234863,-40.727855682373,-1000,-1000,-1000
6540875000,-40.9264869689941,-44.9928092956543,-40.9264869689941,-1000,-1000,-1000
6555750000,-40.8481063842773,-44.8734359741211,-40.8481063842773,-1000,-1000,-1000
6570625000,-40.6852188110352,-44.6236038208008,-40.6852188110352,-1000,-1000,-1000
6585500000,-40.6261825561523,-44.6785621643066,-40.6261825561523,-1000,-1000,-1000
6600375000,-40.5306167602539,-44.4868621826172,-40.5306167602539,-1000,-1000,-1000
6615250000,-40.5378761291504,-44.5570335388184,-40.5378761291504,-1000,-1000,-1000
6630125000,-40.7974052429199,-44.816291809082,-40.7974052429199,-1000,-1000,-1000
6645000000,-40.7590103149414,-44.7832832336426,-40.7590103149414,-1000,-1000,-1000
6659875000,-40.8149299621582,-44.9325180053711,-40.8149299621582,-1000,-1000,-1000
6674750000,-40.760799407959,-44.7760047912598,-40.760799407959,-1000,-1000,-1000
6689625000,-41.0036506652832,-45.2258491516113,-41.0036506652832,-1000,-1000,-1000
6704500000,-41.1631813049316,-45.21044921875,-41.1631813049316,-1000,-1000,-1000
6719375000,-41.250171661377,-45.2830009460449,-41.250171661377,-1000,-1000,-1000
6734250000,-41.3453826904297,-45.4616432189941,-41.3453826904297,-1000,-1000,-1000
6749125000,-41.3577842712402,-45.5142784118652,-41.3577842712402,-1000,-1000,-1000
6764000000,-41.3449058532715,-45.422306060791,-41.3449058532715,-1000,-1000,-1000
6778875000,-41.2330627441406,-45.3542823791504,-41.2330627441406,-1000,-1000,-1000
6793750000,-41.0872001647949,-45.2823104858398,-41.0872001647949,-1000,-1000,-1000
6808625000,-40.838565826416,-45.0078353881836,-40.838565826416,-1000,-1000,-1000
6823500000,-40.6986503601074,-44.9216232299805,-40.6986503601074,-1000,-1000,-1000
6838375000,-40.6653251647949,-45.0221481323242,-40.6653251647949,-1000,-1000,-1000
6853250000,-40.8763084411621,-45.1479988098145,-40.8763084411621,-1000,-1000,-1000
6868125000,-41.1324806213379,-45.3054504394531,-41.1324806213379,-1000,-1000,-1000
6883000000,-41.0551567077637,-45.2815704345703,-41.0551567077637,-1000,-1000,-1000
6897875000,-41.1922149658203,-45.4776306152344,-41.1922149658203,-1000,-1000,-1000
6912750000,-41.1359367370605,-45.292839050293,-41.1359367370605,-1000,-1000,-1000
6927625000,-41.1103553771973,-45.3146171569824,-41.1103553771973,-1000,-1000,-1000
6942500000,-41.0863838195801,-45.3144760131836,-41.0863838195801,-1000,-1000,-1000
6957375000,-41.079963684082,-45.3592948913574,-41.079963684082,-1000,-1000,-1000
6972250000,-40.8157501220703,-45.0426902770996,-40.8157501220703,-1000,-1000,-1000
6987125000,-40.8857917785645,-45.193546295166,-40.8857917785645,-1000,-1000,-1000
7002000000,-40.5487403869629,-44.8260726928711,-40.5487403869629,-1000,-1000,-1000
7016875000,-40.6341247558594,-45.0156707763672,-40.6341247558594,-1000,-1000,-1000
7031750000,-40.488899230957,-44.7943000793457,-40.488899230957,-1000,-1000,-1000
7046625000,-40.3709945678711,-44.6012916564941,-40.3709945678711,-1000,-1000,-1000
7061500000,-40.4375762939453,-44.6684608459473,-40.4375762939453,-1000,-1000,-1000
7076375000,-40.2526473999023,-44.4414901733398,-40.2526473999023,-1000,-1000,-1000
7091250000,-39.9471969604492,-44.2036552429199,-39.9471969604492,-1000,-1000,-1000
7106125000,-39.9088325500488,-44.1721992492676,-39.9088325500488,-1000,-1000,-1000
7121000000,-39.9547996520996,-44.0459594726563,-39.9547996520996,-1000,-1000,-1000
7135875000,-39.9830780029297,-44.3030319213867,-39.9830780029297,-1000,-1000,-1000
7150750000,-40.0419921875,-44.2823028564453,-40.0419921875,-1000,-1000,-1000
7165625000,-40.4093475341797,-44.6692695617676,-40.4093475341797,-1000,-1000,-1000
7180500000,-40.3976669311523,-44.6492729187012,-40.3976669311523,-1000,-1000,-1000
7195375000,-40.8269882202148,-45.1062507629395,-40.8269882202148,-1000,-1000,-1000
7210250000,-41.1453323364258,-45.4314842224121,-41.1453323364258,-1000,-1000,-1000
7225125000,-41.0135803222656,-45.2978897094727,-41.0135803222656,-1000,-1000,-1000
7240000000,-41.6474456787109,-45.7862434387207,-41.6474456787109,-1000,-1000,-1000
7254875000,-41.7698059082031,-46.0868225097656,-41.7698059082031,-1000,-1000,-1000
7269750000,-41.8476943969727,-46.0298500061035,-41.8476943969727,-1000,-1000,-1000
7284625000,-42.1548767089844,-46.3120460510254,-42.1548767089844,-1000,-1000,-1000
7299500000,-42.1938247680664,-46.4211807250977,-42.1938247680664,-1000,-1000,-1000
7314375000,-41.7104759216309,-45.9275436401367,-41.7104759216309,-1000,-1000,-1000
7329250000,-41.6717643737793,-46.0535469055176,-41.6717643737793,-1000,-1000,-1000
7344125000,-41.171875,-45.4881553649902,-41.171875,-1000,-1000,-1000
7359000000,-40.767765045166,-45.2391204833984,-40.767765045166,-1000,-1000,-1000
7373875000,-40.836254119873,-45.3213424682617,-40.836254119873,-1000,-1000,-1000
7388750000,-40.5194969177246,-44.9658737182617,-40.5194969177246,-1000,-1000,-1000
7403625000,-40.6280174255371,-45.1122398376465,-40.6280174255371,-1000,-1000,-1000
7418500000,-40.7597541809082,-45.0769500732422,-40.7597541809082,-1000,-1000,-1000
7433375000,-40.6086502075195,-44.838752746582,-40.6086502075195,-1000,-1000,-1000
7448250000,-40.7019195556641,-44.837589263916,-40.7019195556641,-1000,-1000,-1000
7463125000,-40.5172500610352,-44.7694091796875,-40.5172500610352,-1000,-1000,-1000
7478000000,-40.4450759887695,-44.7774085998535,-40.4450759887695,-1000,-1000,-1000
7492875000,-40.5690460205078,-44.8396453857422,-40.5690460205078,-1000,-1000,-1000
7507750000,-40.2745132446289,-44.5863876342773,-40.2745132446289,-1000,-1000,-1000
7522625000,-40.466625213623,-44.8225936889648,-40.466625213623,-1000,-1000,-1000
7537500000,-40.4411926269531,-44.8148002624512,-40.4411926269531,-1000,-1000,-1000
7552375000,-40.5107727050781,-44.8017616271973,-40.5107727050781,-1000,-1000,-1000
7567250000,-40.4855995178223,-44.723705291748,-40.4855995178223,-1000,-1000,-1000
7582125000,-40.3774795532227,-44.6489639282227,-40.3774795532227,-1000,-1000,-1000
7597000000,-40.2623863220215,-44.5970420837402,-40.2623863220215,-1000,-1000,-1000
7611875000,-39.5730323791504,-43.9297370910645,-39.5730323791504,-1000,-1000,-1000
7626750000,-39.5776672363281,-43.7043151855469,-39.5776672363281,-1000,-1000,-1000
7641625000,-39.6036071777344,-43.8033218383789,-39.6036071777344,-1000,-1000,-1000
7656500000,-39.466381072998,-43.7553977966309,-39.466381072998,-1000,-1000,-1000
7671375000,-39.3010864257813,-43.5670204162598,-39.3010864257813,-1000,-1000,-1000
7686250000,-39.4029426574707,-43.6175842285156,-39.4029426574707,-1000,-1000,-1000
7701125000,-39.2984199523926,-43.5903778076172,-39.2984199523926,-1000,-1000,-1000
7716000000,-39.4127006530762,-43.8251991271973,-39.4127006530762,-1000,-1000,-1000
7730875000,-39.210090637207,-43.6183242797852,-39.210090637207,-1000,-1000,-1000
7745750000,-39.4819984436035,-43.8627014160156,-39.4819984436035,-1000,-1000,-1000
7760625000,-39.658992767334,-44.0002632141113,-39.658992767334,-1000,-1000,-1000
7775500000,-40.1585388183594,-44.390453338623,-40.1585388183594,-1000,-1000,-1000
7790375000,-40.6719665527344,-44.9243927001953,-40.6719665527344,-1000,-1000,-1000
7805250000,-40.7314147949219,-44.9458808898926,-40.7314147949219,-1000,-1000,-1000
7820125000,-41.5942840576172,-45.7268295288086,-41.5942840576172,-1000,-1000,-1000
7835000000,-41.4496688842773,-45.7086296081543,-41.4496688842773,-1000,-1000,-1000
7849875000,-41.4878196716309,-45.754638671875,-41.4878196716309,-1000,-1000,-1000
7864750000,-41.5270805358887,-45.6494903564453,-41.5270805358887,-1000,-1000,-1000
7879625000,-41.5568351745605,-45.740852355957,-41.5568351745605,-1000,-1000,-1000
7894500000,-40.924560546875,-45.0806274414063,-40.924560546875,-1000,-1000,-1000
7909375000,-40.8585433959961,-45.0064468383789,-40.8585433959961,-1000,-1000,-1000
7924250000,-40.7410278320313,-45.0271530151367,-40.7410278320313,-1000,-1000,-1000
7939125000,-40.4858245849609,-44.7940483093262,-40.4858245849609,-1000,-1000,-1000
7954000000,-40.3327789306641,-44.5692863464355,-40.3327789306641,-1000,-1000,-1000
7968875000,-40.0466613769531,-44.2747497558594,-40.0466613769531,-1000,-1000,-1000
7983750000,-40.0459785461426,-44.3102569580078,-40.0459785461426,-1000,-1000,-1000
7998625000,-39.9805145263672,-44.0822486877441,-39.9805145263672,-1000,-1000,-1000
8013500000,-39.815788269043,-43.9813804626465,-39.815788269043,-1000,-1000,-1000
8028375000,-39.8952026367188,-44.0029945373535,-39.8952026367188,-1000,-1000,-1000
8043250000,-39.8225555419922,-43.9810829162598,-39.8225555419922,-1000,-1000,-1000
8058125000,-39.9147682189941,-43.9727325439453,-39.9147682189941,-1000,-1000,-1000
8073000000,-39.7195587158203,-43.9640274047852,-39.7195587158203,-1000,-1000,-1000
8087875000,-39.6574630737305,-43.7642860412598,-39.6574630737305,-1000,-1000,-1000
8102750000,-39.5718994140625,-43.8050498962402,-39.5718994140625,-1000,-1000,-1000
8117625000,-39.7743682861328,-44.0802307128906,-39.7743682861328,-1000,-1000,-1000
8132500000,-39.4692764282227,-43.8509178161621,-39.4692764282227,-1000,-1000,-1000
8147375000,-39.6605224609375,-43.9246253967285,-39.6605224609375,-1000,-1000,-1000
8162250000,-39.7814178466797,-44.0425300598145,-39.7814178466797,-1000,-1000,-1000
8177125000,-40.019702911377,-44.2876091003418,-40.019702911377,-1000,-1000,-1000
8192000000,-40.0036773681641,-44.2363357543945,-40.0036773681641,-1000,-1000,-1000
8206875000,-40.1855278015137,-44.3946342468262,-40.1855278015137,-1000,-1000,-1000
8221750000,-40.4258842468262,-44.6078643798828,-40.4258842468262,-1000,-1000,-1000
8236625000,-40.3946952819824,-44.5318145751953,-40.3946952819824,-1000,-1000,-1000
8251500000,-40.184886932373,-44.4358253479004,-40.184886932373,-1000,-1000,-1000
8266375000,-40.3837356567383,-44.5632553100586,-40.3837356567383,-1000,-1000,-1000
8281250000,-40.2487831115723,-44.3985824584961,-40.2487831115723,-1000,-1000,-1000
8296125000,-40.0274620056152,-44.2967872619629,-40.0274620056152,-1000,-1000,-1000
8311000000,-39.9748573303223,-44.2187690734863,-39.9748573303223,-1000,-1000,-1000
8325875000,-39.9964981079102,-44.2646179199219,-39.9964981079102,-1000,-1000,-1000
8340750000,-40.1551361083984,-44.4416313171387,-40.1551361083984,-1000,-1000,-1000
8355625000,-40.3938674926758,-44.6120223999023,-40.3938674926758,-1000,-1000,-1000
8370500000,-40.2652015686035,-44.508716583252,-40.2652015686035,-1000,-1000,-1000
8385375000,-40.5160865783691,-44.6449699401855,-40.5160865783691,-1000,-1000,-1000
8400250000,-40.6450080871582,-44.8290023803711,-40.6450080871582,-1000,-1000,-1000
8415125000,-40.9263153076172,-45.0112762451172,-40.9263153076172,-1000,-1000,-1000
8430000000,-41.160945892334,-45.190788269043,-41.160945892334,-1000,-1000,-1000
8444875000,-41.3204345703125,-45.4403076171875,-41.3204345703125,-1000,-1000,-1000
8459750000,-41.7399139404297,-45.7421951293945,-41.7399139404297,-1000,-1000,-1000
8474625000,-41.2877388000488,-45.417308807373,-41.2877388000488,-1000,-1000,-1000
8489500000,-41.0653800964355,-45.1333885192871,-41.0653800964355,-1000,-1000,-1000
8504375000,-41.1909561157227,-45.2112312316895,-41.1909561157227,-1000,-1000,-1000
8519250000,-41.0049705505371,-44.987419128418,-41.0049705505371,-1000,-1000,-1000
8534125000,-40.8473854064941,-44.9744033813477,-40.8473854064941,-1000,-1000,-1000
8549000000,-40.8037300109863,-44.8528823852539,-40.8037300109863,-1000,-1000,-1000
8563875000,-40.7857208251953,-44.8444633483887,-40.7857208251953,-1000,-1000,-1000
8578750000,-40.5943031311035,-44.6333808898926,-40.5943031311035,-1000,-1000,-1000
8593625000,-40.5204391479492,-44.6119689941406,-40.5204391479492,-1000,-1000,-1000
8608500000,-40.7016983032227,-44.7271194458008,-40.7016983032227,-1000,-1000,-1000
8623375000,-41.0856018066406,-44.9264755249023,-41.0856018066406,-1000,-1000,-1000
8638250000,-41.0142288208008,-44.9935836791992,-41.0142288208008,-1000,-1000,-1000
8653125000,-41.0178833007813,-44.9113616943359,-41.0178833007813,-1000,-1000,-1000
8668000000,-40.9826812744141,-44.8446350097656,-40.9826812744141,-1000,-1000,-1000
8682875000,-41.1494903564453,-45.002799987793,-41.1494903564453,-1000,-1000,-1000
8697750000,-40.9866104125977,-45.0931777954102,-40.9866104125977,-1000,-1000,-1000
8712625000,-40.9135437011719,-44.9215774536133,-40.9135437011719,-1000,-1000,-1000
8727500000,-40.9019012451172,-44.9613647460938,-40.9019012451172,-1000,-1000,-1000
8742375000,-41.0486679077148,-45.0950736999512,-41.0486679077148,-1000,-1000,-1000
8757250000,-40.8886032104492,-45.0272674560547,-40.8886032104492,-1000,-1000,-1000
8772125000,-40.8850288391113,-45.0983352661133,-40.8850288391113,-1000,-1000,-1000
8787000000,-41.1526489257813,-45.3899688720703,-41.1526489257813,-1000,-1000,-1000
8801875000,-41.3078384399414,-45.5392265319824,-41.3078384399414,-1000,-1000,-1000
8816750000,-41.3843231201172,-45.5757331848145,-41.3843231201172,-1000,-1000,-1000
8831625000,-41.4390411376953,-45.7183456420898,-41.4390411376953,-1000,-1000,-1000
8846500000,-41.7494926452637,-45.9654312133789,-41.7494926452637,-1000,-1000,-1000
8861375000,-42.0464248657227,-46.317253112793,-42.0464248657227,-1000,-1000,-1000
8876250000,-41.8409690856934,-46.1843795776367,-41.8409690856934,-1000,-1000,-1000
8891125000,-41.6675415039063,-45.7302703857422,-41.6675415039063,-1000,-1000,-1000
8906000000,-41.4948806762695,-45.8003005981445,-41.4948806762695,-1000,-1000,-1000
8920875000,-41.1683578491211,-45.5581321716309,-41.1683578491211,-1000,-1000,-1000
8935750000,-40.9824028015137,-45.2355270385742,-40.9824028015137,-1000,-1000,-1000
8950625000,-40.7198829650879,-44.9240608215332,-40.7198829650879,-1000,-1000,-1000
8965500000,-40.5810279846191,-44.9649238586426,-40.5810279846191,-1000,-1000,-1000
8980375000,-40.545539855957,-44.9199485778809,-40.545539855957,-1000,-1000,-1000
8995250000,-40.4499320983887,-44.8090553283691,-40.4499320983887,-1000,-1000,-1000
9010125000,-40.4861221313477,-44.814624786377,-40.4861221313477,-1000,-1000,-1000
9025000000,-40.6059455871582,-44.8584823608398,-40.6059455871582,-1000,-1000,-1000
9039875000,-40.6116409301758,-44.6294860839844,-40.6116409301758,-1000,-1000,-1000
9054750000,-40.426872253418,-44.5063247680664,-40.426872253418,-1000,-1000,-1000
9069625000,-40.6216697692871,-44.6281661987305,-40.6216697692871,-1000,-1000,-1000
9084500000,-41.0784187316895,-44.9679832458496,-41.0784187316895,-1000,-1000,-1000
9099375000,-41.1585693359375,-45.1323509216309,-41.1585693359375,-1000,-1000,-1000
9114250000,-40.9158172607422,-44.8978843688965,-40.9158172607422,-1000,-1000,-1000
9129125000,-40.8498725891113,-44.9809494018555,-40.8498725891113,-1000,-1000,-1000
9144000000,-41.1643829345703,-45.1684951782227,-41.1643829345703,-1000,-1000,-1000
9158875000,-41.3040809631348,-45.386833190918,-41.3040809631348,-1000,-1000,-1000
9173750000,-41.1298599243164,-45.2872161865234,-41.1298599243164,-1000,-1000,-1000
9188625000,-41.3233871459961,-45.565616607666,-41.3233871459961,-1000,-1000,-1000
9203500000,-41.2862014770508,-45.4884071350098,-41.2862014770508,-1000,-1000,-1000
9218375000,-41.3000831604004,-45.414794921875,-41.3000831604004,-1000,-1000,-1000
9233250000,-41.5357398986816,-45.6398429870605,-41.5357398986816,-1000,-1000,-1000
9248125000,-41.6532096862793,-45.821231842041,-41.6532096862793,-1000,-1000,-1000
9263000000,-41.927318572998,-46.0716438293457,-41.927318572998,-1000,-1000,-1000
9277875000,-42.1314888000488,-46.1842880249023,-42.1314888000488,-1000,-1000,-1000
9292750000,-42.1352844238281,-46.1678581237793,-42.1352844238281,-1000,-1000,-1000
9307625000,-42.6598243713379,-46.8480987548828,-42.6598243713379,-1000,-1000,-1000
9322500000,-42.8080253601074,-46.7979965209961,-42.8080253601074,-1000,-1000,-1000
9337375000,-42.3534049987793,-46.4217109680176,-42.3534049987793,-1000,-1000,-1000
9352250000,-42.3321342468262,-46.4583702087402,-42.3321342468262,-1000,-1000,-1000
9367125000,-42.1963005065918,-46.4247817993164,-42.1963005065918,-1000,-1000,-1000
9382000000,-42.1483154296875,-46.1529846191406,-42.1483154296875,-1000,-1000,-1000
9396875000,-41.9384689331055,-46.1205177307129,-41.9384689331055,-1000,-1000,-1000
9411750000,-42.1136894226074,-46.3391418457031,-42.1136894226074,-1000,-1000,-1000
9426625000,-42.4324073791504,-46.6468620300293,-42.4324073791504,-1000,-1000,-1000
9441500000,-42.4632186889648,-46.7655372619629,-42.4632186889648,-1000,-1000,-1000
9456375000,-42.4647903442383,-46.6743965148926,-42.4647903442383,-1000,-1000,-1000
9471250000,-43.0070838928223,-46.9742736816406,-43.0070838928223,-1000,-1000,-1000
9486125000,-42.8200721740723,-47.1080207824707,-42.8200721740723,-1000,-1000,-1000
9501000000,-42.3953247070313,-46.5955390930176,-42.3953247070313,-1000,-1000,-1000
9515875000,-41.7350425720215,-46.0421028137207,-41.7350425720215,-1000,-1000,-1000
9530750000,-41.502254486084,-45.7132987976074,-41.502254486084,-1000,-1000,-1000
9545625000,-41.5256309509277,-45.8764572143555,-41.5256309509277,-1000,-1000,-1000
9560500000,-41.1530227661133,-45.3539199829102,-41.1530227661133,-1000,-1000,-1000
9575375000,-40.8083419799805,-44.9813079833984,-40.8083419799805,-1000,-1000,-1000
9590250000,-40.5768356323242,-44.8387336730957,-40.5768356323242,-1000,-1000,-1000
9605125000,-40.1042747497559,-44.3220748901367,-40.1042747497559,-1000,-1000,-1000
9620000000,-39.9763984680176,-44.1743545532227,-39.9763984680176,-1000,-1000,-1000
9634875000,-39.7279930114746,-43.8781776428223,-39.7279930114746,-1000,-1000,-1000
9649750000,-39.7301979064941,-43.7782287597656,-39.7301979064941,-1000,-1000,-1000
9664625000,-39.6804084777832,-43.869987487793,-39.6804084777832,-1000,-1000,-1000
9679500000,-39.6026992797852,-43.8635177612305,-39.6026992797852,-1000,-1000,-1000
9694375000,-39.7126121520996,-43.9730415344238,-39.7126121520996,-1000,-1000,-1000
9709250000,-40.0051956176758,-44.3266220092773,-40.0051956176758,-1000,-1000,-1000
9724125000,-40.7623443603516,-45.0036964416504,-40.7623443603516,-1000,-1000,-1000
9739000000,-40.6064682006836,-44.9738464355469,-40.6064682006836,-1000,-1000,-1000
9753875000,-40.5104446411133,-44.7216300964355,-40.5104446411133,-1000,-1000,-1000
9768750000,-40.9721984863281,-45.0782890319824,-40.9721984863281,-1000,-1000,-1000
9783625000,-40.9577178955078,-45.2331924438477,-40.9577178955078,-1000,-1000,-1000
9798500000,-40.897705078125,-45.0559768676758,-40.897705078125,-1000,-1000,-1000
9813375000,-40.8631286621094,-45.0224494934082,-40.8631286621094,-1000,-1000,-1000
9828250000,-40.9728889465332,-45.1967620849609,-40.9728889465332,-1000,-1000,-1000
9843125000,-41.0680198669434,-45.3457489013672,-41.0680198669434,-1000,-1000,-1000
9858000000,-41.1472663879395,-45.3825263977051,-41.1472663879395,-1000,-1000,-1000
9872875000,-41.5624580383301,-45.7670288085938,-41.5624580383301,-1000,-1000,-1000
9887750000,-41.4499588012695,-45.5568084716797,-41.4499588012695,-1000,-1000,-1000
9902625000,-41.0058326721191,-45.3522453308105,-41.0058326721191,-1000,-1000,-1000
9917500000,-40.5728721618652,-44.8169250488281,-40.5728721618652,-1000,-1000,-1000
9932375000,-40.6459274291992,-44.9047088623047,-40.6459274291992,-1000,-1000,-1000
9947250000,-41.1461029052734,-45.4476890563965,-41.1461029052734,-1000,-1000,-1000
9962125000,-40.9604454040527,-45.2403602600098,-40.9604454040527,-1000,-1000,-1000
9977000000,-40.8870582580566,-45.0958213806152,-40.8870582580566,-1000,-1000,-1000
9991875000,-41.5516204833984,-45.8266906738281,-41.5516204833984,-1000,-1000,-1000
10006750000,-41.5859985351563,-45.7013702392578,-41.5859985351563,-1000,-1000,-1000
10021625000,-41.5935287475586,-45.7798347473145,-41.5935287475586,-1000,-1000,-1000
10036500000,-41.6175079345703,-45.9675941467285,-41.6175079345703,-1000,-1000,-1000
10051375000,-41.8868370056152,-46.1559181213379,-41.8868370056152,-1000,-1000,-1000
10066250000,-41.9470176696777,-46.1468811035156,-41.9470176696777,-1000,-1000,-1000
10081125000,-42.006649017334,-46.1630439758301,-42.006649017334,-1000,-1000,-1000
10096000000,-42.0299491882324,-46.1176109313965,-42.0299491882324,-1000,-1000,-1000
10110875000,-42.7777557373047,-46.9936943054199,-42.7777557373047,-1000,-1000,-1000
10125750000,-42.6343421936035,-46.7771797180176,-42.6343421936035,-1000,-1000,-1000
10140625000,-41.9071846008301,-46.0176849365234,-41.9071846008301,-1000,-1000,-1000
10155500000,-41.8465957641602,-45.9512138366699,-41.8465957641602,-1000,-1000,-1000
10170375000,-42.328426361084,-46.4506530761719,-42.328426361084,-1000,-1000,-1000
10185250000,-42.1676712036133,-46.2076148986816,-42.1676712036133,-1000,-1000,-1000
10200125000,-41.958423614502,-45.9745216369629,-41.958423614502,-1000,-1000,-1000
10215000000,-41.8098640441895,-45.9302787780762,-41.8098640441895,-1000,-1000,-1000
10229875000,-42.047550201416,-46.073169708252,-42.047550201416,-1000,-1000,-1000
10244750000,-42.2932434082031,-46.1101455688477,-42.2932434082031,-1000,-1000,-1000
10259625000,-42.7085762023926,-46.6959800720215,-42.7085762023926,-1000,-1000,-1000
10274500000,-42.6214485168457,-46.6445045471191,-42.6214485168457,-1000,-1000,-1000
10289375000,-42.809326171875,-47.6909065246582,-42.809326171875,-1000,-1000,-1000
10304250000,-42.295108795166,-46.3515548706055,-42.295108795166,-1000,-1000,-1000
10319125000,-42.2480278015137,-46.3515548706055,-42.2480278015137,-1000,-1000,-1000
10334000000,-43.1900825500488,-47.2454643249512,-43.1900825500488,-1000,-1000,-1000
10348875000,-44.387882232666,-48.3682975769043,-44.387882232666,-1000,-1000,-1000
10363750000,-43.941162109375,-47.9520568847656,-43.941162109375,-1000,-1000,-1000
10378625000,-44.0362243652344,-48.0944862365723,-44.0362243652344,-1000,-1000,-1000
10393500000,-44.0872077941895,-48.0323181152344,-44.0872077941895,-1000,-1000,-1000
10408375000,-44.6311836242676,-48.5461730957031,-44.6311836242676,-1000,-1000,-1000
10423250000,-44.3469886779785,-48.2785987854004,-44.3469886779785,-1000,-1000,-1000
10438125000,-44.488410949707,-48.4430885314941,-44.488410949707,-1000,-1000,-1000
10453000000,-44.7897605895996,-48.6053771972656,-44.7897605895996,-1000,-1000,-1000
10467875000,-44.828441619873,-48.7541809082031,-44.828441619873,-1000,-1000,-1000
10482750000,-44.9705924987793,-48.9388046264648,-44.9705924987793,-1000,-1000,-1000
10497625000,-45.7846260070801,-49.8009033203125,-45.7846260070801,-1000,-1000,-1000
10512500000,-46.6046829223633,-50.6093521118164,-46.6046829223633,-1000,-1000,-1000
10527375000,-46.3294143676758,-50.3509864807129,-46.3294143676758,-1000,-1000,-1000
10542250000,-46.1133460998535,-50.1300735473633,-46.1133460998535,-1000,-1000,-1000
10557125000,-46.4254150390625,-50.457275390625,-46.4254150390625,-1000,-1000,-1000
10572000000,-47.5337181091309,-51.6414260864258,-47.5337181091309,-1000,-1000,-1000
10586875000,-48.0911293029785,-51.9436645507813,-48.0911293029785,-1000,-1000,-1000
10601750000,-47.1845245361328,-51.1433639526367,-47.1845245361328,-1000,-1000,-1000
10616625000,-47.4975814819336,-51.2918167114258,-47.4975814819336,-1000,-1000,-1000
10631500000,-48.2251358032227,-52.0918769836426,-48.2251358032227,-1000,-1000,-1000
10646375000,-48.5138969421387,-52.4372329711914,-48.5138969421387,-1000,-1000,-1000
10661250000,-47.8002471923828,-51.6260833740234,-47.8002471923828,-1000,-1000,-1000
10676125000,-47.9587287902832,-51.6571807861328,-47.9587287902832,-1000,-1000,-1000
10691000000,-47.9574432373047,-51.7776412963867,-47.9574432373047,-1000,-1000,-1000
10705875000,-47.3407974243164,-51.197021484375,-47.3407974243164,-1000,-1000,-1000
10720750000,-47.5759735107422,-51.3256187438965,-47.5759735107422,-1000,-1000,-1000
10735625000,-48.9326286315918,-52.765323638916,-48.9326286315918,-1000,-1000,-1000
10750500000,-49.4870262145996,-53.257984161377,-49.4870262145996,-1000,-1000,-1000
10765375000,-48.1457481384277,-51.9392967224121,-48.1457481384277,-1000,-1000,-1000
10780250000,-48.0560455322266,-51.8883590698242,-48.0560455322266,-1000,-1000,-1000
10795125000,-48.8555641174316,-52.6776885986328,-48.8555641174316,-1000,-1000,-1000
10810000000,-49.510856628418,-53.2361373901367,-49.510856628418,-1000,-1000,-1000
10824875000,-49.1228141784668,-52.8809432983398,-49.1228141784668,-1000,-1000,-1000
10839750000,-49.1728515625,-52.8867683410645,-49.1728515625,-1000,-1000,-1000
10854625000,-49.5168647766113,-53.1038055419922,-49.5168647766113,-1000,-1000,-1000
10869500000,-49.2204132080078,-53.0400505065918,-49.2204132080078,-1000,-1000,-1000
10884375000,-49.2261238098145,-52.8753128051758,-49.2261238098145,-1000,-1000,-1000
10899250000,-49.4151802062988,-53.1575317382813,-49.4151802062988,-1000,-1000,-1000
10914125000,-49.8665008544922,-53.5968055725098,-49.8665008544922,-1000,-1000,-1000
10929000000,-48.0921440124512,-51.877067565918,-48.0921440124512,-1000,-1000,-1000
10943875000,-47.8190002441406,-51.7437629699707,-47.8190002441406,-1000,-1000,-1000
10958750000,-48.9356956481934,-52.6588859558105,-48.9356956481934,-1000,-1000,-1000
10973625000,-49.8681793212891,-53.6622581481934,-49.8681793212891,-1000,-1000,-1000
10988500000,-48.5699234008789,-52.3960037231445,-48.5699234008789,-1000,-1000,-1000
11003375000,-48.0528869628906,-51.8705825805664,-48.0528869628906,-1000,-1000,-1000
11018250000,-48.3815040588379,-52.189208984375,-48.3815040588379,-1000,-1000,-1000
11033125000,-49.4405288696289,-53.3182716369629,-49.4405288696289,-1000,-1000,-1000
11048000000,-49.3496170043945,-53.0103759765625,-49.3496170043945,-1000,-1000,-1000
11062875000,-49.3358726501465,-53.0362358093262,-49.3358726501465,-1000,-1000,-1000
11077750000,-49.6780738830566,-53.4002723693848,-49.6780738830566,-1000,-1000,-1000
11092625000,-49.4956207275391,-53.0766334533691,-49.4956207275391,-1000,-1000,-1000
11107500000,-49.410099029541,-53.001335144043,-49.410099029541,-1000,-1000,-1000
11122375000,-50.1960067749023,-53.910041809082,-50.1960067749023,-1000,-1000,-1000
11137250000,-51.5451354980469,-55.0533866882324,-51.5451354980469,-1000,-1000,-1000
11152125000,-50.0920906066895,-53.6995620727539,-50.0920906066895,-1000,-1000,-1000
11167000000,-49.4142875671387,-52.8501052856445,-49.4142875671387,-1000,-1000,-1000
11181875000,-49.4252166748047,-53.0734405517578,-49.4252166748047,-1000,-1000,-1000
11196750000,-51.0359153747559,-53.7310676574707,-51.0359153747559,-1000,-1000,-1000
11211625000,-51.2471122741699,-55.3775367736816,-51.2471122741699,-1000,-1000,-1000
11226500000,-50.1926879882813,-53.2404174804688,-50.1926879882813,-1000,-1000,-1000
11241375000,-49.4447555541992,-53.2226142883301,-49.4447555541992,-1000,-1000,-1000
11256250000,-50.1067428588867,-53.6976432800293,-50.1067428588867,-1000,-1000,-1000
11271125000,-50.6163330078125,-54.2532730102539,-50.6163330078125,-1000,-1000,-1000
11286000000,-50.0679473876953,-53.7545318603516,-50.0679473876953,-1000,-1000,-1000
11300875000,-50.1578941345215,-53.6481056213379,-50.1578941345215,-1000,-1000,-1000
11315750000,-49.6752967834473,-53.4941673278809,-49.6752967834473,-1000,-1000,-1000
11330625000,-48.6442222595215,-52.3112716674805,-48.6442222595215,-1000,-1000,-1000
11345500000,-48.5583763122559,-52.4811592102051,-48.5583763122559,-1000,-1000,-1000
11360375000,-50.5183563232422,-54.320182800293,-50.5183563232422,-1000,-1000,-1000
11375250000,-50.751277923584,-54.2532501220703,-50.751277923584,-1000,-1000,-1000
11390125000,-49.0511779785156,-52.7099189758301,-49.0511779785156,-1000,-1000,-1000
11405000000,-49.028263092041,-52.623348236084,-49.028263092041,-1000,-1000,-1000
11419875000,-50.0892448425293,-53.6456031799316,-50.0892448425293,-1000,-1000,-1000
11434750000,-51.2130012512207,-54.8429260253906,-51.2130012512207,-1000,-1000,-1000
11449625000,-50.6669387817383,-54.3230972290039,-50.6669387817383,-1000,-1000,-1000
11464500000,-50.5899963378906,-54.2485847473145,-50.5899963378906,-1000,-1000,-1000
11479375000,-50.8467483520508,-54.4663124084473,-50.8467483520508,-1000,-1000,-1000
11494250000,-51.2176246643066,-54.7320175170898,-51.2176246643066,-1000,-1000,-1000
11509125000,-51.3091468811035,-55.0005683898926,-51.3091468811035,-1000,-1000,-1000
11524000000,-51.9684257507324,-55.6306114196777,-51.9684257507324,-1000,-1000,-1000
11538875000,-53.0364036560059,-56.6763076782227,-53.0364036560059,-1000,-1000,-1000
11553750000,-52.5499801635742,-56.2369918823242,-52.5499801635742,-1000,-1000,-1000
11568625000,-52.5088920593262,-56.3046760559082,-52.5088920593262,-1000,-1000,-1000
11583500000,-53.7805099487305,-57.4193458557129,-53.7805099487305,-1000,-1000,-1000
11598375000,-55.5933723449707,-59.2724647521973,-55.5933723449707,-1000,-1000,-1000
11613250000,-55.9473533630371,-59.7311935424805,-55.9473533630371,-1000,-1000,-1000
11628125000,-54.3984909057617,-58.1429901123047,-54.3984909057617,-1000,-1000,-1000
11643000000,-54.1947402954102,-57.9820823669434,-54.1947402954102,-1000,-1000,-1000
11657875000,-55.3951034545898,-58.9955596923828,-55.3951034545898,-1000,-1000,-1000
11672750000,-55.9726295471191,-59.6451072692871,-55.9726295471191,-1000,-1000,-1000
11687625000,-55.7414283752441,-59.4195671081543,-55.7414283752441,-1000,-1000,-1000
11702500000,-55.9702911376953,-59.7348098754883,-55.9702911376953,-1000,-1000,-1000
11717375000,-57.2231826782227,-60.9917640686035,-57.2231826782227,-1000,-1000,-1000
11732250000,-57.3461761474609,-61.0250511169434,-57.3461761474609,-1000,-1000,-1000
11747125000,-59.1950073242188,-62.9960975646973,-59.1950073242188,-1000,-1000,-1000
11762000000,-60.1661567687988,-63.8764266967773,-60.1661567687988,-1000,-1000,-1000
11776875000,-60.8202323913574,-64.6455764770508,-60.8202323913574,-1000,-1000,-1000
11791750000,-60.9057846069336,-64.6854553222656,-60.9057846069336,-1000,-1000,-1000
11806625000,-60.8388633728027,-64.5499877929688,-60.8388633728027,-1000,-1000,-1000
11821500000,-61.8393363952637,-65.627197265625,-61.8393363952637,-1000,-1000,-1000
11836375000,-62.9471855163574,-66.8497009277344,-62.9471855163574,-1000,-1000,-1000
11851250000,-62.4540100097656,-66.2884902954102,-62.4540100097656,-1000,-1000,-1000
11866125000,-62.5231857299805,-66.2311477661133,-62.5231857299805,-1000,-1000,-1000
11881000000,-62.4700584411621,-66.2040634155273,-62.4700584411621,-1000,-1000,-1000
11895875000,-63.4736404418945,-67.2254867553711,-63.4736404418945,-1000,-1000,-1000
11910750000,-63.3574066162109,-67.1396026611328,-63.3574066162109,-1000,-1000,-1000
11925625000,-63.5484809875488,-67.4019622802734,-63.5484809875488,-1000,-1000,-1000
11940500000,-63.4076843261719,-67.1859893798828,-63.4076843261719,-1000,-1000,-1000
11955375000,-63.0975112915039,-67.0085144042969,-63.0975112915039,-1000,-1000,-1000
11970250000,-63.0004692077637,-67.0176467895508,-63.0004692077637,-1000,-1000,-1000
11985125000,-63.9678268432617,-67.9930725097656,-63.9678268432617,-1000,-1000,-1000
12000000000,-65.1128158569336,-69.3654708862305,-65.1128158569336,-1000,-1000,-1000
