"F [GHz]","dB(S(Port1,Port1)) []","dB(S(Port1,Port2)) []","dB(S(Port1,Port3)) []"
0.1,-9.52119171931404,-3.55206805225434,-3.54511256020374
0.125,-9.48851833859658,-3.5609510634986,-3.55185177065598
0.15,-9.44790076585153,-3.57054864633412,-3.55957183553063
0.175,-9.40031647298642,-3.58082291405964,-3.56825326849329
0.2,-9.34677380542063,-3.59173027164957,-3.57782681092103
0.225,-9.28830768522152,-3.60321374974751,-3.58819500255846
0.25,-9.2259690949498,-3.61520110115343,-3.5992444666114
0.275,-9.16080990433184,-3.62760564811656,-3.61085232679137
0.3,-9.09386655650254,-3.64032831072511,-3.62288961162102
0.325,-9.02614525163195,-3.65325995982371,-3.63522327682259
0.35,-8.95860970508081,-3.66628377573551,-3.64771765587199
0.375,-8.89217198728607,-3.67927747029851,-3.66023569609359
0.4,-8.82768652152769,-3.69211531757249,-3.67264012379193
0.425,-8.76594697499832,-3.70467000096864,-3.68479458225612
0.45,-8.70768552962833,-3.71681431355066,-3.69656476315152
0.475,-8.65357429460743,-3.72842268307459,-3.70781950281249
0.5,-8.60422826829761,-3.73937256617306,-3.71843184305587
0.525,-8.56020948481976,-3.74954571296825,-3.72828004030466
0.55,-8.52203202771516,-3.75882930295196,-3.73724850696488
0.575,-8.4901675542237,-3.76711696923788,-3.74522868633475
0.6,-8.46505113621731,-3.7743097100998,-3.75211984908025
0.625,-8.44708717955596,-3.78031670482919,-3.75782981551685
0.65,-8.43665540356861,-3.78505601224278,-3.76227559061923
0.675,-8.43411661896035,-3.78845519695898,-3.76538392983583
0.7,-8.43981839087648,-3.79045185392782,-3.76709182250736
0.725,-8.45410046877473,-3.79099405776449,-3.76734690389037
0.75,-8.47730003700591,-3.79004072548664,-3.76610779278177
0.775,-8.50975673916889,-3.78756191175128,-3.76334436228095
0.8,-8.55181754550205,-3.78353902975396,-3.75903794117116
0.825,-8.6038414872236,-3.77796500197507,-3.75318145108782
0.85,-8.6662042824333,-3.77084434971267,-3.74577948135507
0.875,-8.7393029581856,-3.76219321160633,-3.73684829735709
0.9,-8.82356051013006,-3.75203929675671,-3.72641578573733
0.925,-8.91943062153544,-3.7404217834205,-3.71452134124196
0.95,-9.02740266501504,-3.72739113356333,-3.70121567908683
0.975,-9.14800692548381,-3.71300885599955,-3.68656058775636
1,-9.28182028538878,-3.69734718843781,-3.6706286081954
1.025,-9.42947245912834,-3.6804887091808,-3.65350263983818
1.05,-9.59165294035382,-3.66252587383667,-3.63527547273982
1.075,-9.76911888755216,-3.643560471259,-3.61604923910208
1.1,-9.96270419804943,-3.62370299540469,-3.59593478291511
1.125,-10.1733300629036,-3.60307193615782,-3.57505094531663
1.15,-10.4020174270267,-3.58179297985127,-3.5535237639683
1.175,-10.6499018426208,-3.55999812519361,-3.53148558455749
1.2,-10.9182513782244,-3.53782471090812,-3.50907408639714
1.225,-11.2084884231216,-3.5154143601682,-3.48643122414883
1.25,-11.5222165271497,-3.49291184312107,-3.46370208851525
1.275,-11.8612537357605,-3.47046386804787,-3.44103369441676
1.3,-12.227674485785,-3.44821780407741,-3.41857370231909
1.325,-12.6238627739943,-3.42632035192469,-3.39646908673855
1.35,-13.0525804815021,-3.40491617178636,-3.37486476306464
1.375,-13.5170562467506,-3.38414648796106,-3.35390218957471
1.4,-14.0211027194808,-3.36414768474567,-3.33371796303543
1.425,-14.569273629757,-3.34504991669692,-3.31444242788837
1.45,-15.1670779166426,-3.32697575394448,-3.2961983188151
1.475,-15.8212773912089,-3.31003888360735,-3.27909946369235
1.5,-16.5403099707911,-3.29434289402527,-3.26324956480879
1.525,-17.3349072300482,-3.27998016122879,-3.24874108636568
1.55,-18.2190232124638,-3.26703086176429,-3.23565426622376
1.575,-19.2112819168483,-3.25556213196105,-3.22405627511337
1.6,-20.3373310266321,-3.24562739111268,-3.21400053883786
1.625,-21.6338704323209,-3.23726584300592,-3.20552624163637
1.65,-23.15599440204,-3.23050216883587,-3.19865801731212
1.675,-24.9916555824787,-3.22534641644053,-3.19340583994947
1.7,-27.2930220213129,-3.22179408924949,-3.18976511303823
1.725,-30.3519629888241,-3.21982643385812,-3.18771695765679
1.75,-34.7756677270503,-3.21941091812284,-3.18722869102125
1.775,-40.5731832028896,-3.22050188944848,-3.18825448585253
1.8,-37.6201750996473,-3.2230413972528,-3.1907361941972
1.825,-32.4184571183184,-3.22696016211458,-3.19460431649238
1.85,-28.9650245722285,-3.23217866695729,-3.19977909526759
1.875,-26.496710811269,-3.23860834896042,-3.20617170729652
1.9,-24.6040388480431,-3.24615286437363,-3.21368553005882
1.925,-23.0839311438553,-3.25470940175563,-3.22221745687416
1.95,-21.8241623698993,-3.26417001850025,-3.23165923428504
1.975,-20.7567977214338,-3.27442297698682,-3.24189879985675
2,-19.8377524140233,-3.28535405912586,-3.25282159858998
2.025,-19.0368443676103,-3.2968478411282,-3.26431185934761
2.05,-18.3325188047018,-3.30878891364863,-3.27625381653237
2.075,-17.7088497254838,-3.32106303339923,-3.28853286357716
2.1,-17.1537368058235,-3.33355819763342,-3.3010366287238
2.125,-16.6577696913302,-3.34616563260915,-3.31365596628305
2.15,-16.2134843834211,-3.35878069269071,-3.32628585630775
2.175,-15.8148601064337,-3.37130366334302,-3.33882621046268
2.2,-15.4569691022973,-3.3836404695643,-3.35118258125327
2.225,-15.1357268783931,-3.39570328482963,-3.36326677378151
2.25,-14.8477101399518,-3.40741104559404,-3.37499736086332
2.275,-14.5900215799973,-3.41868986771054,-3.38630010198027
2.3,-14.3601876330054,-3.4294733721418,-3.39710827016783
2.325,-14.1560800037277,-3.43970291921391,-3.4073628883059
2.35,-13.975854544217,-3.44932775694271,-3.41701287842753
2.375,-13.8179029628979,-3.45830508872117,-3.42601513102146
2.4,-13.6808142453176,-3.46660006187003,-3.43433449551058
2.425,-13.5633433886158,-3.47418568625565,-3.4419436993133
2.45,-13.4643858252385,-3.48104268320841,-3.44882319850674
2.475,-13.3829561861701,-3.48715927452849,-3.45496096779033
2.5,-13.3181705238663,-3.49253091273375,-3.46035223184851
2.525,-13.2692312149166,-3.49715996019911,-3.46499914530936
2.55,-13.235414007577,-3.50105532114215,-3.46891042525635
2.575,-13.2160567900978,-3.50423203012887,-3.4721009409923
2.6,-13.2105497041919,-3.50671080511954,-3.47459126708412
2.625,-13.2183263857391,-3.50851756630963,-3.47640720310642
2.65,-13.2388561028745,-3.50968292777804,-3.47757926506183
2.675,-13.2716366240754,-3.51024166614486,-3.47814215484681
2.7,-13.3161877163235,-3.51023217107629,-3.47813421027123
2.725,-13.3720451635424,-3.50969588254269,-3.47759684254781
2.75,-13.4387552552725,-3.50867671980916,-3.47657396512643
2.775,-13.515869686428,-3.50722050829215,-3.47511141990287
2.8,-13.602940884265,-3.5053744074226,-3.47325640494522
2.825,-13.6995177300814,-3.5031863471948,-3.47105691039755
2.85,-13.8051417263798,-3.50070447721225,-3.46856116670192
2.875,-13.9193436492335,-3.4979766338256,-3.46581711115659
2.9,-14.0416407409456,-3.49504983130881,-3.4628718777906
2.925,-14.1715345387546,-3.49196978092637,-3.45977131602511
2.95,-14.3085094325893,-3.48878044414717,-3.45655954204746
2.975,-14.4520320540067,-3.48552362395024,-3.45327852912064
3,-14.6015516403086,-3.48223859772464,-3.44996773950471
3.025,-14.756501469719,-3.47896179717093,-3.44666380252463
3.05,-14.9163015054269,-3.47572653683791,-3.44340024169356
3.075,-15.0803623356471,-3.47256279445818,-3.44020725381461
3.1,-15.2480904903295,-3.46949704523991,-3.43711154102438
3.125,-15.4188951595579,-3.46655215016233,-3.43413619822047
3.15,-15.5921962891729,-3.46374729994087,-3.43130065463153
3.175,-15.767433951908,-3.46109801305653,-3.42862067056476
3.2,-15.9440788272599,-3.45861618715228,-3.42610838683125
3.225,-16.1216435281149,-3.45631020113318,-3.42377242537531
3.25,-16.299694415922,-3.45418506624601,-3.42161803806192
3.275,-16.4778634996676,-3.4522426209806,-3.41964730046887
3.3,-16.6558599336377,-3.45048176690439,-3.41785934580972
3.325,-16.8334806019235,-3.44889874042265,-3.41625063482789
3.35,-17.0106192731322,-3.44748741505615,-3.41481525659969
3.375,-17.187273879162,-3.44623962849741,-3.41354525426008
3.4,-17.3635514842763,-3.44514552965724,-3.41243097029237
3.425,-17.5396706842731,-3.44419393870835,-3.41146140513759
3.45,-17.7159612396834,-3.44337271452517,-3.41062458379694
3.475,-17.8928609097952,-3.4426691243692,-3.4099079235983
3.5,-18.0709095689565,-3.44207020871475,-3.4092985985184
3.525,-18.2507407866494,-3.44156313687683,-3.40878389350508
3.55,-18.4330710816706,-3.44113554780602,-3.4083515446443
3.575,-18.6186871339749,-3.44077587137909,-3.40799005929713
3.6,-18.8084311164178,-3.44047362571862,-3.40768901303109
3.625,-19.0031842768482,-3.44021968659205,-3.40743931860013
3.65,-19.2038486755663,-3.44000652609332,-3.40723346391836
3.675,-19.411326804052,-3.43982841697504,-3.40706571649807
3.7,-19.6264984966902,-3.43968160107619,-3.40693229139294
3.725,-19.8501941930248,-3.43956441964719,-3.40683148178892
3.75,-20.0831632029675,-3.43947740463176,-3.40676375015178
3.775,-20.3260350739362,-3.43942333006235,-3.40673178026666
3.8,-20.5792716803368,-3.43940722327325,-3.40674048869397
3.825,-20.8431068873011,-3.43943633664974,-3.40679699707831
3.85,-21.1174701859788,-3.43952007969811,-3.40691056515167
3.875,-21.4018901011083,-3.43966991319044,-3.40709248583746
3.9,-21.695373235756,-3.43989920642925,-3.40735594349782
3.925,-21.9962557146344,-3.44022305899991,-3.40771583746961
3.95,-22.3020265057751,-3.44065808992233,-3.40818857231891
3.975,-22.6091279687695,-3.44122219551367,-3.40879181781744
4,-22.9127494573379,-3.4419342796906,-3.40954424096879
4.025,-23.2066466556174,-3.4428139592766,-3.41046521367197
4.05,-23.4830422925446,-3.44388124887168,-3.4115744995716
4.075,-23.7326893132753,-3.44515622889197,-3.41289192461493
4.1,-23.9451936999184,-3.44665870199785,-3.41443703591803
4.125,-24.1096807489,-3.44840784312054,-3.41622875464714
4.15,-24.2158224370568,-3.45042184964485,-3.41828502796725
4.175,-24.255117776149,-3.45271759633218,-3.42062248710086
4.2,-24.2221677962114,-3.45531030261061,-3.42325611680714
4.225,-24.1155954549527,-3.45821321752147,-3.42619894278406
4.25,-23.9383132168714,-3.46143732853571,-3.42946174267886
4.275,-23.6970459121155,-3.46499109953494,-3.43305278614699
4.3,-23.4012728465619,-3.46888024259239,-3.43697760899634
4.325,-23.0619193324794,-3.47310752857756,-3.44123882503321
4.35,-22.6901324850262,-3.47767263897263,-3.44583598009171
4.375,-22.2963572945288,-3.48257206251518,-3.45076545022682
4.4,-21.8897791563355,-3.48779903898509,-3.45602038670045
4.425,-21.4780893547306,-3.49334355145419,-3.4615907093793
4.45,-21.0674812166628,-3.49919236810689,-3.46746315026733
4.475,-20.6627823819359,-3.50532913628056,-3.47362134742509
4.5,-20.2676493070181,-3.51173452781385,-3.48004599206511
4.525,-19.8847754420565,-3.51838644008611,-3.48671502926029
4.55,-19.5160859652282,-3.52526025444236,-3.49360391704872
4.575,-19.162906781985,-3.53232915839658,-3.50068594860758
4.6,-18.8261043943849,-3.53956454166516,-3.50793264813802
4.625,-18.5061980639044,-3.54693648300715,-3.51531425719231
4.65,-18.2034477216993,-3.55441435708352,-3.52280034048321
4.675,-17.9179216257594,-3.56196761231254,-3.53036056273622
4.7,-17.6495476306502,-3.56956680803341,-3.53796572461099
4.725,-17.3981513804725,-3.57718507125901,-3.54558921638968
4.75,-17.1634842192444,-3.58480026584573,-3.5532091849415
4.775,-16.9452432695946,-3.59239844111428,-3.56081197713783
4.8,-16.7430863938499,-3.59997969672428,-3.56839799814065
4.825,-16.5566467517742,-3.60756888509166,-3.57599240140314
4.85,-16.3855591884344,-3.61523663579411,-3.58366609141471
4.875,-16.2295370280914,-3.62314406978726,-3.59158039106907
4.9,-16.0886363446952,-3.63164632405567,-3.60009046158998
4.925,-15.9642501894915,-3.64155251517164,-3.61000500192613
4.95,-15.8632137289483,-3.65479117266119,-3.62325099136788
4.975,-15.8149721213444,-3.67539749336541,-3.6438596127015
5,-15.8971997077452,-3.70047343513984,-3.66893133914953
5.025,-15.980360348379,-3.69281104013462,-3.66127690699713
5.05,-15.8874194500045,-3.67269483087937,-3.64117068778752
5.075,-15.7915968202041,-3.66454372853094,-3.63305867868267
5.1,-15.7322615893724,-3.66251004124236,-3.63108184688025
5.125,-15.7029136313263,-3.66267003972764,-3.63129757967059
5.15,-15.697129190696,-3.66349587114264,-3.63217855220793
5.175,-15.711291554884,-3.66438920071311,-3.63312896658603
5.2,-15.7434660747667,-3.66509715200502,-3.63389753171044
5.225,-15.7926107758857,-3.66550674602162,-3.63437215600382
5.25,-15.8581737021692,-3.66556829983844,-3.63450364996319
5.275,-15.9398904450902,-3.66526413005438,-3.63427458907988
5.3,-16.0376782404483,-3.66459457988458,-3.63368541728976
5.325,-16.1515776825389,-3.66357126010883,-3.63274772364413
5.35,-16.2817187935491,-3.66221352912773,-3.63148073773476
5.375,-16.4282999341327,-3.66054652527831,-3.62990936645503
5.4,-16.5915734876806,-3.65859999109002,-3.62806301414605
5.425,-16.7718348369712,-3.65640753216821,-3.6259748307108
5.45,-16.9694124310911,-3.65400614497969,-3.62368121951204
5.475,-17.1846572240544,-3.65143595292684,-3.62122154015864
5.5,-17.4179298665973,-3.64874016407947,-3.61863801043353
5.525,-17.669583678066,-3.6459653462771,-3.61597588766336
5.55,-17.9399405967693,-3.64316224939497,-3.61328412521909
5.575,-18.2292552902633,-3.64038767357874,-3.61061694023188
5.6,-18.5376579419114,-3.63770849154539,-3.60803726823464
5.625,-18.8650537988132,-3.63521041691129,-3.60562441596181
5.65,-19.2109205776079,-3.63301793625366,-3.6034917587039
5.675,-19.573822785368,-3.63134181915586,-3.6018299949982
5.7,-19.9500404037255,-3.63059157630216,-3.60101471553682
5.725,-20.329611469128,-3.63154910188752,-3.60180681077722
5.75,-20.692629888528,-3.63452525484896,-3.60479632603454
5.775,-21.0554095861697,-3.63441877722547,-3.60583957333064
5.8,-21.4737278555754,-3.62901046250861,-3.60183055064043
5.825,-21.912596526793,-3.62431336306038,-3.59727254397162
5.85,-22.3440466906265,-3.6213721432465,-3.59387603961413
5.875,-22.7490079135936,-3.61994516693153,-3.59216860323594
5.9,-23.1123981679983,-3.619594675479,-3.59172784514153
5.925,-23.4206816438914,-3.62002163570606,-3.59215120415711
5.95,-23.6599801455944,-3.62108262955112,-3.59324141011371
5.975,-23.8176537971002,-3.62271151816134,-3.59490921722032
6,-23.8847156628751,-3.62487535938733,-3.59711147587568
6.025,-23.8578325493916,-3.62755485499412,-3.59982402811171
6.05,-23.7401772943505,-3.63073567253602,-3.60303004633039
6.075,-23.5408362230487,-3.6344044188075,-3.60671478482321
6.1,-23.2730574361767,-3.63854669898376,-3.61086310890896
6.125,-22.952027506573,-3.64314617501834,-3.61545830969426
6.15,-22.5928672824927,-3.64818413794191,-3.62048155861268
6.175,-22.2092446430701,-3.65363936410898,-3.62591170416629
6.2,-21.8126671204339,-3.65948814069266,-3.63172526639108
6.225,-21.412309851397,-3.66570440071796,-3.63789655508981
6.25,-21.0151746105847,-3.67225993545286,-3.64439787382782
6.275,-20.6264054932631,-3.67912466771306,-3.65119979032894
6.3,-20.2496451578391,-3.68626698024804,-3.65827146652799
6.325,-19.8873682931611,-3.69365410218395,-3.66558105219395
6.35,-19.5411652560156,-3.70125256649908,-3.67309615785009
6.375,-19.2119696439907,-3.70902876724864,-3.68078444079983
6.4,-18.9002336369057,-3.71694967141414,-3.68861436823164
6.425,-18.6060584836777,-3.72498378867961,-3.69655627812962
6.45,-18.3292875590416,-3.7331025986089,-3.70458396828842
6.475,-18.069567456564,-3.74128283286855,-3.71267727375476
6.5,-17.8263789748247,-3.74951045809884,-3.72082659603536
6.525,-17.5990338807318,-3.75778826840507,-3.72904153011404
6.55,-17.3866219322567,-3.76615177829087,-3.7373687004165
6.575,-17.1878709564229,-3.77470603135836,-3.74593182079132
6.6,-17.0008570647941,-3.78372050418942,-3.75502816846538
6.625,-16.8226903847025,-3.79389322987939,-3.76535385181312
6.65,-16.652304630887,-3.80691445491984,-3.77813978682024
6.675,-16.5169738626948,-3.82299725602705,-3.79079028981309
6.7,-16.4598002796078,-3.82866365385934,-3.79281031663039
6.725,-16.4157764859556,-3.82218855976711,-3.79071606191566
6.75,-16.3404981668892,-3.82041033153354,-3.7911234631596
6.775,-16.2601040672194,-3.82327223304433,-3.79427044498106
6.8,-16.189487758183,-3.82744666873194,-3.79836530233197
6.825,-16.1314513364117,-3.83179676666382,-3.80260293024817
6.85,-16.0861881174582,-3.83596035936036,-3.80667758286551
6.875,-16.0534419276062,-3.83980438290181,-3.8104620883722
6.9,-16.0329238586358,-3.84327284991425,-3.8138976894303
6.925,-16.0243897731426,-3.84634017589196,-3.81695532105133
6.95,-16.0276489057603,-3.84899489045032,-3.81962066671395
6.975,-16.0425592286173,-3.8512332771163,-3.82188783013505
7,-16.0690215873634,-3.85305664029305,-3.82375642241252
7.025,-16.1069749333156,-3.8544700243794,-3.82523011371789
7.05,-16.1563928076356,-3.85548155720081,-3.82631585484693
7.075,-16.2172808262138,-3.85610207612895,-3.82702342099851
7.1,-16.2896748588479,-3.85634488754451,-3.82736511682577
7.125,-16.3736396961316,-3.85622558889733,-3.82735556355432
7.15,-16.4692680282746,-3.8557619199718,-3.82701152799462
7.175,-16.5766795957723,-3.8549736263428,-3.82635177247175
7.2,-16.696020408268,-3.8538823262563,-3.82539691393161
7.225,-16.8274619173195,-3.85251137696575,-3.82416928603995
7.25,-16.9712000391138,-3.85088573798228,-3.82269280111073
7.275,-17.1274538950851,-3.84903183103702,-3.82099280983992
7.3,-17.2964641045448,-3.84697739710618,-3.81909595877354
7.325,-17.4784904524562,-3.84475135044811,-3.8170300452339
7.35,-17.6738086491194,-3.84238363226185,-3.81482387085902
7.375,-17.8827058590997,-3.8399050652406,-3.8125070951307
7.4,-18.1054745427754,-3.83734721265626,-3.81011009107202
7.425,-18.3424040225001,-3.83474224589082,-3.8076638067957
7.45,-18.5937689811681,-3.83212282738777,-3.80519963754967
7.475,-18.8598138652447,-3.82952201839442,-3.80274931601081
7.5,-19.1407318257633,-3.82697322665322,-3.80034483255519
7.525,-19.4366364265155,-3.82451021844483,-3.79801840432657
7.55,-19.747523877965,-3.82216723447036,-3.7958025241697
7.575,-20.0732229789359,-3.81997927868508,-3.79373014360915
7.6,-20.4133294594906,-3.81798270269394,-3.79183508687138
7.625,-20.7671212239758,-3.81621631500067,-3.79015287871757
7.65,-21.1334517447771,-3.81472346351913,-3.78872234956314
7.675,-21.5106222627176,-3.81355601838854,-3.78758878199042
7.7,-21.8962440481516,-3.81278228610585,-3.78681032032754
7.725,-22.287133212,-3.81250360439695,-3.78647183794174
7.75,-22.6793778332693,-3.81289145826629,-3.7867174466579
7.775,-23.0690541656627,-3.81427577507614,-3.78783449231709
7.8,-23.4553714440018,-3.81735467667278,-3.79049221141411
7.825,-23.852740836959,-3.82348139163986,-3.79639540819473
7.85,-24.3118831041676,-3.8322048958027,-3.80815165505073
7.875,-24.7638152627398,-3.83245409281241,-3.81528439689335
7.9,-24.9723158203161,-3.82599056526503,-3.80493280477517
7.925,-25.0291924847342,-3.82132906489207,-3.7974314305242
7.95,-25.0378529056939,-3.82035008605432,-3.79580883115515
7.975,-24.9928128383968,-3.82149708533182,-3.79680388735453
8,-24.8833297603256,-3.82381200363052,-3.79905727989844
8.025,-24.7083795172189,-3.82688357992916,-3.80207629039935
8.05,-24.4737448657042,-3.8305272527321,-3.80565885839176
8.075,-24.1889807165645,-3.8346499265177,-3.80970829604341
8.1,-23.8651576419029,-3.83919747168637,-3.81417010433708
8.125,-23.5132903995763,-3.84413318150203,-3.81900792728479
8.15,-23.1433743950947,-3.84942827932924,-3.82419345257415
8.175,-22.7639166464186,-3.85505746783566,-3.82970182571012
8.2,-22.3818166701825,-3.86099674516029,-3.83550945007692
8.225,-22.0024586379868,-3.8672223105889,-3.84159290207672
8.25,-21.6299072208606,-3.87371002469028,-3.84792840299893
8.275,-21.2671360686492,-3.88043516691821,-3.85449158580302
8.3,-20.9162486146849,-3.8873723605841,-3.86125742527717
8.325,-20.5786722009672,-3.89449559519552,-3.86820026346196
8.35,-20.2553194118928,-3.90177830802374,-3.87529389198221
8.375,-19.9467174131067,-3.90919350159177,-3.88251166944176
8.4,-19.6531091048667,-3.91671388399252,-3.8898266605897
8.425,-19.374530910035,-3.9243120228297,-3.8972117884908
8.45,-19.1108718518874,-3.93196050691554,-3.90463999399711
8.475,-18.8619179968227,-3.93963211165224,-3.91208439865705
8.5,-18.6273856481864,-3.94729996494693,-3.9195184676038
8.525,-18.4069459782624,-3.95493771114333,-3.92691617015954
8.55,-18.2002431966687,-3.96251967100423,-3.93425213615164
8.575,-18.0069078694282,-3.97002099636851,-3.94150180587199
8.6,-17.8265666209936,-3.97741781763471,-3.94864157252911
8.625,-17.6588491484268,-3.98468738362048,-3.95564891525501
8.65,-17.5033932602121,-3.99180819206154,-3.96250252199221
8.675,-17.3598484605959,-3.99876011156974,-3.96918240057147
8.7,-17.2278784987391,-4.00552449417893,-3.97566997773054
8.725,-17.1071631892718,-4.01208428011854,-3.98194818546999
8.75,-16.9973997629331,-4.01842409693828,-3.98800153478793
8.775,-16.8983039523179,-4.02453035769033,-3.99381617814384
8.8,-16.8096110210098,-4.0303913658052,-3.99937996315294
8.825,-16.7310769510427,-4.03599744020018,-4.00468248278854
8.85,-16.6624800636295,-4.04134108449246,-4.00971513181602
8.875,-16.603623475456,-4.04641724175905,-4.014471188342
8.9,-16.5543390422008,-4.05122371054072,-4.01894595703833
8.925,-16.5144939232734,-4.05576186542855,-4.02313704773796
8.95,-16.4840018619678,-4.06003796398824,-4.0270449473862
8.975,-16.4628432794261,-4.06406562256473,-4.03067424247855
9,-16.4511026153122,-4.06787072957051,-4.03403636096147
9.025,-16.4490411102619,-4.07150171548193,-4.03715613284885
9.05,-16.4572459299551,-4.07505221183595,-4.04008887012461
9.075,-16.4769449906224,-4.07871310790016,-4.04296973321301
9.1,-16.5106174814663,-4.08288642881112,-4.04617305371722
9.125,-16.562252759074,-4.08829391993309,-4.05084083326354
9.15,-16.6283878213164,-4.09459936514781,-4.05971088623203
9.175,-16.6750932196891,-4.09617055684397,-4.07118552262026
9.2,-16.7093363332098,-4.09720367908524,-4.07515319491768
9.225,-16.731172589293,-4.09962539918901,-4.06999852029642
9.25,-16.7628687957025,-4.09835713803502,-4.06399889590364
9.275,-16.8199289537974,-4.09669902119362,-4.06082770603287
9.3,-16.8942644742651,-4.0956333321232,-4.05922681682688
9.325,-16.9805507447605,-4.09497092175509,-4.05827911798656
9.35,-17.0765799150712,-4.09449775139796,-4.05758164637148
9.375,-17.1814560381894,-4.09408642407927,-4.05695739124397
9.4,-17.2948186751333,-4.09366796825217,-4.05632472104354
9.425,-17.4165462964435,-4.09320642072478,-4.05564529110192
9.45,-17.5466375920548,-4.09268431772814,-4.05490207182403
9.475,-17.6851606899081,-4.09209484190536,-4.05408930525286
9.5,-17.8322301167582,-4.09143750344218,-4.053207549699
9.525,-17.9879958949632,-4.09071568534726,-4.05226106539585
9.55,-18.1526382552857,-4.08993519727574,-4.05125635472654
9.575,-18.3263650465416,-4.08910339493617,-4.05020130697056
9.6,-18.5094104217564,-4.08822862792407,-4.04910467797725
9.625,-18.7020340561836,-4.0873198858358,-4.04797576374565
9.65,-18.9045204459885,-4.08638656750469,-4.04682419194011
9.675,-19.1171779506272,-4.08543832975944,-4.04565978761888
9.7,-19.3403372874693,-4.0844849888303,-4.0444924872279
9.725,-19.5743491667138,-4.08353645709983,-4.04333228505274
9.75,-19.8195806756578,-4.08260270443739,-4.04218920203829
9.775,-20.0764099336676,-4.08169373667776,-4.04107326978557
9.8,-20.3452183854416,-4.08081958559559,-4.03999452533467
9.825,-20.6263798812627,-4.07999030709646,-4.03896301291749
9.85,-20.9202454241224,-4.07921598424219,-4.03798879046395
9.875,-21.2271220933641,-4.07850673295392,-4.03708193865781
9.9,-21.5472441641558,-4.07787270905039,-4.03625257055509
9.925,-21.8807338206672,-4.07732411415497,-4.0355108415655
9.95,-22.2275481234738,-4.07687120047328,-4.03486695745387
9.975,-22.5874079747441,-4.07652427244284,-4.03433118095087
10,-22.9597039437923,-4.07629368508259,-4.03391383573092
10.025,-23.3433730234197,-4.07618983845467,-4.03362530824791
10.05,-23.7367403198583,-4.07622316797742,-4.0334760476343
10.075,-24.1373210102949,-4.07640413063624,-4.03347656500978
10.1,-24.5415822503116,-4.07674318794078,-4.03363743422344
10.125,-24.9446742912088,-4.07725078668789,-4.03396929744298
10.15,-25.3401577210628,-4.07793734022363,-4.03448288148221
10.175,-25.7197819859296,-4.07881321416146,-4.03518903437528
10.2,-26.0734082000678,-4.07988872439728,-4.03609879809032
10.225,-26.3892069622861,-4.08117416114555,-4.03722354391623
10.25,-26.6542744702422,-4.08267986475278,-4.03857521803354
10.275,-26.8557584948225,-4.08441640403925,-4.04016678229073
10.3,-26.9824365509913,-4.08639496209607,-4.04201300960659
10.325,-27.0264606310652,-4.08862815713413,-4.04413194585192
10.35,-26.9847839173717,-4.09113182934588,-4.0465476684562
10.375,-26.8597713768615,-4.09392911637588,-4.0492956670875
10.4,-26.6587333332233,-4.09706038897923,-4.05243367902096
10.425,-26.3924559530768,-4.10060948754357,-4.05606374692614
10.45,-26.0728691326073,-4.10477847578797,-4.06037338009927
10.475,-25.7092463049024,-4.1101014078958,-4.06566969475493
10.5,-25.3013630190235,-4.11783351588287,-4.07206570147507
10.525,-24.8443054014431,-4.12870537895996,-4.07801665031179
10.55,-24.3707953006033,-4.13869499273027,-4.08308896928962
10.575,-23.897175662181,-4.14437018953514,-4.09149554208765
10.6,-23.4538160688412,-4.14472094053237,-4.09816684123389
10.625,-23.0629913471288,-4.14514870971436,-4.10081371242252
10.65,-22.6911569576308,-4.1481619325012,-4.10364447860735
10.675,-22.3268675880442,-4.15284355622571,-4.10767137917748
10.7,-21.9710912708871,-4.15847271801977,-4.11266099761142
10.725,-21.6260077706805,-4.16471746249165,-4.11835295472016
10.75,-21.2931159822475,-4.17142401578423,-4.12458351370956
10.775,-20.9732405133335,-4.17851403218134,-4.13125464224157
10.8,-20.6667320455632,-4.18594288864349,-4.13830542935001
10.825,-20.3736240188162,-4.19368216694883,-4.14569567468739
10.85,-20.093736938626,-4.20171177087615,-4.15339702449008
10.875,-19.8267464278055,-4.21001613447367,-4.16138813932818
10.9,-19.5722280201124,-4.21858229488148,-4.16965199344906
10.925,-19.3296870236672,-4.2273988737779,-4.17817432671993
10.95,-19.098578655834,-4.23645552709329,-4.18694274018411
10.975,-18.87832171573,-4.2457426489304,-4.19594616205135
11,-18.6683079383308,-4.25525121782959,-4.20517453335822
11.025,-18.4679084451571,-4.2649727254541,-4.21461862617176
11.05,-18.2764782764624,-4.27489915313526,-4.22426994307999
11.075,-18.0933597095623,-4.28502297520591,-4.23412066633577
11.1,-17.9178848632358,-4.29533717688135,-4.24416363630715
11.125,-17.74937796739,-4.30583527771346,-4.2543923467066
11.15,-17.5871575845251,-4.3165113555957,-4.26480094718263
11.175,-17.4305389960886,-4.32736006703611,-4.27538424788474
11.2,-17.2788369193529,-4.3383766613245,-4.28613772149114
11.225,-17.1313686715128,-4.34955698663958,-4.29705749987692
11.25,-16.9874578499878,-4.3608974869213,-4.30814036391373
11.275,-16.8464385685371,-4.37239518919258,-4.31938372462086
11.3,-16.7076602355662,-4.38404768052886,-4.33078559603229
11.325,-16.570492826829,-4.39585307566266,-4.34234455905473
11.35,-16.4343325581874,-4.4078099757951,-4.35405971719365
11.375,-16.2986078258912,-4.41991741912566,-4.36593064575816
11.4,-16.1627852453948,-4.43217482601197,-4.37795733509206
11.425,-16.0263755808848,-4.44458193975473,-4.39014013168728
11.45,-15.8889393532664,-4.45713876689553,-4.40247967857811
11.475,-15.7500918778599,-4.4698455200693,-4.41497686080515
11.5,-15.6095075161655,-4.48270256868546,-4.42763275965277
11.525,-15.4669229092473,-4.49571040376487,-4.44044862435118
11.55,-15.3221390258627,-4.50886962519501,-4.45342586963541
11.575,-15.1750218649638,-4.52218096361077,-4.46656611405591
11.6,-15.0255017265761,-4.53564535376647,-4.47987127819211
11.625,-14.873571001368,-4.54926408417282,-4.49334377317954
11.65,-14.7192804732974,-4.56303906204049,-4.50698682580882
11.675,-14.5627341650976,-4.57697325414812,-4.52080501500697
11.7,-14.4040827540899,-4.5910714052963,-4.53480514317184
11.725,-14.2435155538911,-4.6053412064571,-4.54899765522186
11.75,-14.0812509703877,-4.61979521885507,-4.56339898135094
11.775,-13.917525196095,-4.63445411619382,-4.57803548903395
11.8,-13.7525787474664,-4.64935231119263,-4.59295032620112
11.825,-13.5866406359032,-4.66454803862756,-4.60821555297686
11.85,-13.4199121095628,-4.6801418759878,-4.62395381572255
11.875,-13.2525637175174,-4.69631037875295,-4.64037509332083
11.9,-13.0848170104881,-4.71335751659069,-4.65782152936174
11.925,-12.9174416114935,-4.73171103463653,-4.67670482606978
11.95,-12.7537727366845,-4.75129019518888,-4.69673397576731
11.975,-12.6024999870339,-4.7687955350446,-4.71478763287927
12,-12.4655406899403,-4.77841890051956,-4.7262333077633
12.025,-12.3245443802558,-4.78414271415939,-4.733065775403
12.05,-12.1733680544026,-4.79308001845314,-4.74156438230741
12.075,-12.0192186696497,-4.80515920824646,-4.75291089083359
12.1,-11.8663707085634,-4.81876297896145,-4.76598095971465
12.125,-11.7161631477825,-4.8330201772262,-4.7799341452853
12.15,-11.5689480849847,-4.84755733095506,-4.79434391051793
12.175,-11.4247980230069,-4.86221596536947,-4.80900405480242
12.2,-11.283702254111,-4.87692818953109,-4.82381399467691
12.225,-11.1456175219859,-4.89166692698635,-4.83872538765055
12.25,-11.0104794486102,-4.90642554875265,-4.85371775514554
12.275,-10.8782038383043,-4.92120916961112,-4.86878702887464
12.3,-10.7486858465532,-4.93603079164526,-4.88393997444631
12.325,-10.6217991618094,-4.95090956657745,-4.89919139424457
12.35,-10.4973957020329,-4.96587002460311,-4.91456269693407
12.375,-10.3753058799448,-4.980941756009,-4.93008115950336
12.4,-10.2553393831369,-4.99615930332115,-4.94577954817115
12.425,-10.137286415573,-5.01156214580889,-4.96169592110779
12.45,-10.0209193532941,-5.0271947147882,-4.97787352105242
12.475,-9.90599478977678,-5.04310640848507,-4.99436070326867
12.5,-9.79225594723867,-5.05935158953223,-5.01121087255591
12.525,-9.67943544343016,-5.07598955866938,-5.02848241171377
12.55,-9.56725838880305,-5.09308450430927,-5.04623859851089
12.575,-9.4554457889784,-5.11070543354735,-5.06454751258236
12.6,-9.34371821007312,-5.12892609728239,-5.08348194221209
12.625,-9.23179964332499,-5.14782492962338,-5.10311931156326
12.65,-9.11942148632695,-5.1674850329603,-5.12354165873987
12.675,-9.00632652971652,-5.18799425582095,-5.1448357111029
12.7,-8.89227280332994,-5.20944543262746,-5.16709312902614
12.725,-8.77703710058886,-5.23193688717754,-5.19041102167639
12.75,-8.66041795140577,-5.25557335149367,-5.2148928882772
12.775,-8.54223775435773,-5.28046752384595,-5.24065021453879
12.8,-8.42234369523136,-5.30674260077289,-5.26780506595071
12.825,-8.30060696463651,-5.33453627940396,-5.29649418543877
12.85,-8.17691962946563,-5.36400695186576,-5.32687533510743
12.875,-8.05118831989942,-5.39534308684881,-5.35913690271356
12.9,-7.9233237647165,-5.42877697043808,-5.39351198080842
12.925,-7.79322555710273,-5.46460348474732,-5.43029763198582
12.95,-7.66076378302356,-5.50320146215004,-5.46987687062962
12.975,-7.52576778951397,-5.54504319379941,-5.51272871803945
13,-7.38805999090071,-5.59063967956434,-5.55937292920725
13.025,-7.24764564008738,-5.64026906312391,-5.61009363993019
13.05,-7.10529293418474,-5.69316829824006,-5.66411443991913
13.075,-6.9636236829362,-5.74604050859502,-5.71807096353511
13.1,-6.82745551200362,-5.7926795389473,-5.76561653445628
13.125,-6.70044491002693,-5.82878427182016,-5.80233068914329
13.15,-6.58065553466889,-5.85792812195454,-5.83183330300045
13.175,-6.46305481900612,-5.88762196763557,-5.86178495259104
13.2,-6.34462890830197,-5.92227607036594,-5.89669240968026
13.225,-6.22501563039454,-5.96266966016046,-5.93735364959505
13.25,-6.10497838679082,-6.00817696393591,-5.98312764792566
13.275,-5.9854059177376,-6.05810607627162,-6.03330375953262
13.3,-5.86695275615043,-6.11211575863554,-6.08753141280106
13.325,-5.7499068057879,-6.17026186378311,-6.14587414733461
13.35,-5.63407686028738,-6.23285813635333,-6.20867845067871
13.375,-5.51874045849381,-6.30000631824534,-6.27610555720872
13.4,-5.40306798480861,-6.37053795671281,-6.34703418226322
13.425,-5.28771152227366,-6.44098117558382,-6.41788844466308
13.45,-5.17663708354313,-6.50745818193312,-6.4843790467702
13.475,-5.07462665676963,-6.57151014779797,-6.54770298343213
13.5,-4.97884076440845,-6.64031878819684,-6.61629002818171
13.525,-4.87623329512309,-6.71352418321459,-6.69252036870061
13.55,-4.76158403101436,-6.77858019219657,-6.76127667999843
13.575,-4.64732001481018,-6.829783374278,-6.8122846798132
13.6,-4.54344701653026,-6.87287579230875,-6.85288111118958
13.625,-4.45033299819784,-6.91385184559825,-6.89115674470687
13.65,-4.36549128154091,-6.95512872012461,-6.93002555637831
13.675,-4.28694187033449,-6.99708613423171,-6.96980316839228
13.7,-4.21350928082925,-7.03941357406229,-7.01005780948025
13.725,-4.14453696830584,-7.0816510018668,-7.05024873048715
13.75,-4.07965561408104,-7.12335476183085,-7.08989337299267
13.775,-4.01865024300001,-7.16413442843029,-7.12859461425711
13.8,-3.96138945728387,-7.20365085985064,-7.1660331675241
13.825,-3.90778813402511,-7.24160459035555,-7.20195500129216
13.85,-3.85778763072958,-7.27772309610716,-7.2361613211062
13.875,-3.81134522716577,-7.3117489148876,-7.26850236777284
13.9,-3.76842854828621,-7.34342868912,-7.29887465231367
13.925,-3.72901276097139,-7.37250286422152,-7.32722082362215
13.95,-3.6930793855676,-7.39869608265316,-7.35353109120652
13.975,-3.66061611341841,-7.42170908050122,-7.37784458335526
14,-3.63161730432651,-7.44121416582401,-7.40024803480984
14.025,-3.60608496716641,-7.45685815647515,-7.42086773719784
14.05,-3.58403002584864,-7.46827862091842,-7.43984916708641
14.075,-3.56547356776503,-7.47514013769533,-7.45731833038841
14.1,-3.55044757465544,-7.47719447827625,-7.47332206362793
14.125,-3.53899447957668,-7.47435896634635,-7.48775406284396
14.15,-3.53116502149854,-7.46679048082371,-7.50028919501837
14.175,-3.52701453702735,-7.45491682421803,-7.51036262856077
14.2,-3.52659893429498,-7.4393896452707,-7.51722626530933
14.225,-3.52997238409752,-7.42095571598727,-7.52008215687268
14.25,-3.53718831153126,-7.40029127248774,-7.51824623598094
14.275,-3.54830357889773,-7.37786887726663,-7.51127346229201
14.3,-3.56338410166893,-7.35390478171188,-7.49899920634242
14.325,-3.58250980083495,-7.32838699851479,-7.48150040015909
14.35,-3.60577772047258,-7.30114932945453,-7.459014153252
14.375,-3.63330332161926,-7.27195201908503,-7.43185420507216
14.4,-3.66522061947025,-7.24054495908852,-7.40034857378767
14.425,-3.70168188939616,-7.20670674336816,-7.36480358092153
14.45,-3.74285742682429,-7.17026326115198,-7.32548914783443
14.475,-3.78893558500783,-7.13109275642514,-7.28263752791648
14.5,-3.84012314183754,-7.08912356075719,-7.23644886683608
14.525,-3.8966459662898,-7.04432875329979,-7.187099272339
14.55,-3.9587499320132,-6.99672019898967,-7.13474904452382
14.575,-4.02670203561347,-6.94634315993462,-7.07955002208136
14.6,-4.1007916922787,-6.89327193987725,-7.02165174075425
14.625,-4.1813322074584,-6.83760664098304,-6.96120645788161
14.65,-4.26866244592586,-6.77947095371103,-6.8983732484836
14.675,-4.36314875673249,-6.719010855535,-6.83332141810968
14.7,-4.46518725639333,-6.65639411539044,-6.76623348568572
14.725,-4.57520664989614,-6.59181055257436,-6.69730798532834
14.75,-4.69367189294891,-6.52547307608963,-6.62676235248581
14.775,-4.82108920804144,-6.45761963783873,-6.55483621181716
14.8,-4.9580133380471,-6.38851638422429,-6.48179548690806
14.825,-5.10505857732282,-6.3184625193893,-6.40793794249705
14.85,-5.2629163213481,-6.24779774270812,-6.33360108665101
14.875,-5.43238410066368,-6.17691365866062,-6.25917386504005
14.9,-5.61441525344134,-6.10627131008892,-6.18511430303427
14.925,-5.81020624155405,-6.03642777034235,-6.11197602267628
14.95,-6.02135276082,-5.96807427327061,-6.04044619995798
14.975,-6.25012728803899,-5.90208098380021,-5.97139084784958
15,-6.49994064813964,-5.83950658911908,-5.90586990198277
