NA, FW_VERSION, FW_DATE 
HP8722ES,07.66,"Jul 25, 2000"
DATE, TIME,
" 8 Nov 2002 ","17:24:45",
CHAN,MEAS,FORMAT
1,S21,LOG_MAG
CHAN_START_FREQ,CHAN_STOP_FREQ,
500000000,12000000000,
POINTS, POWER, IF_BW
401,-5.999999E1,3000
FREQUENCY,UNITS,
Hz,dB,
0, 16.981,
2500000219136, 17,
5000000438272, 17.027,
7500000657408, 16.968,
10000000876544, 17.066,
12500001095680, 17.052,
15000001314816, 17.047,
17499999436800, 16.943,
20000001753088, 16.987,
22500004069376, 17.038,
25000002191360, 16.979,
27500000313344, 16.959,
30000002629632, 16.992,
32500000751616, 17.05,
34999998873600, 17.048,
37500005384192, 16.973,
40000003506176, 16.994,
42500001628160, 16.998,
45000008138752, 16.959,
47499997872128, 16.938,
50000004382720, 17.01,
52500002504704, 16.971,
55000000626688, 17.007,
57499998748672, 16.965,
60000005259264, 16.977,
62499994992640, 16.937,
65000001503232, 17.001,
67500008013824, 16.976,
69999997747200, 16.957,
72500004257792, 16.998,
75000010768384, 16.976,
77500000501760, 16.944,
80000007012352, 16.983,
82500013522944, 17.024,
85000003256320, 16.997,
87500009766912, 16.988,
90000016277504, 17.037,
92500006010880, 17.034,
94999995744256, 17.033,
97500002254848, 17.033,
100000008765440, 16.988,
102499998498816, 16.983,
105000005009408, 16.954,
107500011520000, 16.956,
110000001253376, 17.014,
112500007763968, 16.961,
114999997497344, 16.979,
117500004007936, 16.974,
120000010518528, 16.927,
122500000251904, 17.026,
124999989985280, 16.966,
127500013273088, 17.015,
130000003006464, 17.048,
132499992739840, 17.013,
135000016027648, 16.942,
137500005761024, 16.97,
139999995494400, 16.941,
142500002004992, 16.943,
145000008515584, 16.98,
147500015026176, 16.983,
150000021536768, 17.043,
152499994492928, 16.887,
155000001003520, 16.971,
157500007514112, 16.962,
160000014024704, 17.001,
162499986980864, 17.03,
165000027045888, 17.084,
167500000002048, 16.979,
170000006512640, 16.984,
172500013023232, 16.966,
175000019533824, 16.991,
177499992489984, 16.999,
180000032555008, 17.024,
182500005511168, 17.044,
185000012021760, 17.001,
187500018532352, 16.967,
189999991488512, 16.938,
192499997999104, 17.015,
195000004509696, 16.978,
197499977465856, 17.028,
200000017530880, 16.963,
202500024041472, 16.976,
204999996997632, 17.05,
207500003508224, 17.037,
210000010018816, 16.987,
212499982974976, 16.993,
215000023040000, 16.98,
217500029550592, 16.98,
220000002506752, 16.946,
222500009017344, 17.012,
225000015527936, 16.957,
227499988484096, 17.018,
229999994994688, 16.999,
232500035059712, 17.041,
235000008015872, 16.983,
237500014526464, 16.995,
240000021037056, 16.946,
242499993993216, 17.005,
245000000503808, 16.979,
247500040568832, 17.031,
249999979970560, 16.997,
252500020035584, 17.049,
255000026546176, 17.008,
257499999502336, 16.977,
260000006012928, 16.993,
262500012523520, 17.03,
264999985479680, 16.997,
267500025544704, 17.011,
270000032055296, 17.036,
272500005011456, 16.971,
275000011522048, 16.956,
277500018032640, 16.993,
279999990988800, 17.02,
282499997499392, 17.001,
285000004009984, 16.997,
287500010520576, 16.94,
290000017031168, 16.976,
292500023541760, 17.039,
295000030052352, 17.004,
297500036562944, 17.059,
300000043073536, 16.966,
302499982475264, 16.949,
304999988985856, 16.99,
307500062605312, 17.007,
310000002007040, 17.013,
312500008517632, 17.045,
315000015028224, 16.984,
317500021538816, 16.963,
320000028049408, 16.953,
322500034560000, 16.931,
324999973961728, 16.98,
327500047581184, 16.961,
330000054091776, 16.952,
332499993493504, 17.012,
335000000004096, 16.965,
337500006514688, 17.044,
340000013025280, 16.936,
342500019535872, 17.005,
345000026046464, 16.998,
347500032557056, 17.013,
350000039067648, 16.995,
352500045578240, 16.994,
354999984979968, 17.026,
357499991490560, 16.99,
360000065110016, 16.977,
362500071620608, 17.002,
365000011022336, 16.994,
367500017532928, 16.949,
370000024043520, 16.976,
372500030554112, 16.981,
375000037064704, 16.981,
377500043575296, 16.983,
379999982977024, 16.956,
382499989487616, 16.989,
384999995998208, 17.028,
387500002508800, 16.966,
390000009019392, 17.021,
392500082638848, 17.011,
394999954931712, 16.928,
397500028551168, 16.966,
400000035061760, 17.084,
402500041572352, 17.004,
405000048082944, 17.031,
407500054593536, 16.984,
409999993995264, 16.997,
412500000505856, 16.942,
415000007016448, 16.957,
417500013527040, 16.981,
420000020037632, 16.888,
422500026548224, 17.018,
424999965949952, 16.966,
427499972460544, 17,
430000046080000, 17.021,
432500052590592, 16.959,
435000059101184, 17.004,
437500065611776, 16.959,
440000005013504, 17.009,
442500011524096, 17.038,
445000018034688, 16.971,
447500024545280, 16.983,
450000031055872, 16.969,
452500037566464, 17.026,
454999976968192, 16.967,
457499983478784, 17.009,
459999989989376, 17.007,
462500063608832, 17.008,
465000070119424, 17.007,
467500076630016, 16.997,
470000016031744, 17.086,
472500022542336, 16.924,
475000029052928, 17.017,
477500035563520, 17.011,
480000042074112, 17.033,
482500048584704, 17.009,
484999987986432, 17.005,
487499994497024, 17.06,
490000001007616, 16.985,
492500007518208, 16.987,
495000081137664, 17.021,
497500087648256, 16.965,
499999959941120, 16.998,
502500033560576, 16.984,
505000040071168, 16.95,
507500046581760, 17.03,
510000053092352, 17.035,
512500059602944, 16.958,
514999999004672, 17.011,
517500005515264, 17.069,
520000012025856, 17.063,
522500018536448, 16.957,
525000025047040, 17.003,
527500098666496, 16.994,
529999970959360, 17.033,
532499977469952, 17.025,
535000051089408, 17.001,
537500057600000, 17.075,
540000064110592, 17.017,
542500070621184, 17.038,
545000010022912, 16.947,
547500016533504, 16.924,
550000023044096, 16.99,
552500029554688, 17.01,
555000036065280, 16.968,
557500042575872, 16.952,
559999981977600, 16.963,
562499988488192, 17.051,
564999994998784, 16.996,
567500068618240, 16.961,
570000008019968, 16.999,
572500081639424, 16.986,
575000021041152, 16.989,
577499960442880, 16.973,
580000034062336, 17.019,
582500107681792, 17.003,
585000047083520, 16.998,
587500120702976, 16.972,
590000060104704, 16.962,
592499999506432, 16.942,
595000073125888, 16.978,
597500012527616, 17.001,
600000086147072, 17.006,
602500025548800, 16.989,
604999964950528, 17.008,
607500038569984, 16.992,
609999977971712, 16.985,
612500051591168, 16.967,
615000125210624, 17.013,
617500064612352, 17.036,
620000004014080, 17.004,
622500077633536, 17.013,
625000017035264, 16.986,
627500090654720, 16.928,
630000030056448, 17.013,
632500103675904, 16.934,
635000043077632, 16.976,
637499982479360, 16.951,
640000056098816, 17.018,
642499995500544, 16.977,
645000069120000, 17.005,
647500008521728, 17.075,
649999947923456, 16.964,
652500021542912, 16.99,
655000095162368, 17.008,
657500034564096, 16.982,
660000108183552, 16.977,
662500047585280, 16.95,
664999986987008, 16.986,
667500060606464, 17.027,
670000000008192, 16.96,
672500073627648, 17.001,
675000013029376, 16.988,
677499952431104, 16.965,
680000026050560, 16.949,
682499965452288, 16.993,
685000039071744, 16.934,
687500112691200, 17.033,
690000052092928, 17.009,
692499991494656, 17.05,
695000065114112, 17.024,
697500004515840, 16.942,
700000078135296, 16.97,
702500017537024, 17.013,
705000091156480, 16.963,
707500030558208, 16.931,
709999969959936, 16.968,
712500043579392, 16.981,
714999982981120, 16.958,
717500056600576, 17.002,
720000130220032, 16.967,
722500069621760, 17.013,
725000143241216, 17.036,
727500082642944, 17.037,
730000022044672, 17.024,
732499961446400, 17.022,
735000035065856, 16.985,
737499974467584, 17.018,
740000048087040, 16.971,
742499987488768, 16.983,
745000061108224, 17.024,
747500000509952, 17.013,
750000074129408, 16.96,
752500147748864, 16.992,
755000087150592, 17.006,
757500160770048, 16.965,
759999965954048, 17.002,
762500039573504, 16.968,
764999978975232, 16.996,
767500052594688, 16.959,
769999991996416, 16.995,
772500065615872, 16.961,
775000005017600, 17.06,
777500078637056, 16.961,
780000018038784, 17.014,
782500091658240, 16.977,
785000165277696, 17.027,
787500104679424, 17.041,
789999909863424, 17.062,
792499983482880, 16.975,
795000057102336, 17,
797499996504064, 16.995,
800000070123520, 17.006,
802500009525248, 17.034,
805000083144704, 16.998,
807500022546432, 16.987,
810000096165888, 16.995,
812500035567616, 17.012,
815000109187072, 17.046,
817500182806528, 17.02,
819999987990528, 16.993,
822499927392256, 17.024,
825000001011712, 17.048,
827500074631168, 16.979,
830000014032896, 16.995,
832500087652352, 16.957,
835000027054080, 16.984,
837500100673536, 17.003,
840000040075264, 16.974,
842500113694720, 16.969,
845000053096448, 17.038,
847500126715904, 17.021,
849999931899904, 16.951,
852500005519360, 16.962,
854999944921088, 17.022,
857500018540544, 16.956,
860000092160000, 16.972,
862500031561728, 16.999,
865000105181184, 17.021,
867500044582912, 16.985,
870000118202368, 16.986,
872500057604096, 16.988,
875000131223552, 16.989,
877500070625280, 16.977,
880000010027008, 16.956,
882499949428736, 17.014,
885000023048192, 16.971,
887499962449920, 17.016,
890000036069376, 16.97,
892500109688832, 16.917,
895000049090560, 16.974,
897500122710016, 16.95,
900000062111744, 17.006,
902500135731200, 17.024,
905000075132928, 17.027,
907500148752384, 16.995,
909999953936384, 17.025,
912500027555840, 16.974,
914999966957568, 17.007,
917500040577024, 17.029,
919999979978752, 17.006,
922500053598208, 16.975,
925000127217664, 16.963,
927500066619392, 17.027,
930000140238848, 16.961,
932500079640576, 17.009,
935000153260032, 17.001,
937500092661760, 17.045,
940000032063488, 17.046,
942499971465216, 17.054,
945000045084672, 17.055,
947499984486400, 16.987,
950000058105856, 16.971,
952499997507584, 17.041,
955000071127040, 16.985,
957500144746496, 17.055,
960000084148224, 16.983,
962500157767680, 16.974,
965000097169408, 17.019,
967499902353408, 16.97,
969999975972864, 16.958,
972500049592320, 17.013,
974999988994048, 16.95,
977500062613504, 16.995,
980000002015232, 17.023,
982500075634688, 17.029,
985000015036416, 16.952,
987500088655872, 17.061,
990000162275328, 16.993,
992500101677056, 16.995,
995000175296512, 16.986,
997499980480512, 17.001,
1000000054099968, 16.993,

