<Exception><ExceptionRecord ModuleName="C:\Program Files\AnsysEM\AnsysEM19.4\Win64\ansysedt.exe" ExceptionCode="0xc0000005" ExceptionDescription="EXCEPTION_ACCESS_VIOLATION" ExceptionAddress="0x4706350b"/><Processor Vendor="GenuineIntel" Architecture="PROCESSOR_ARCHITECTURE_AMD64" Description="Intel(R) Xeon(R) Gold 5218 CPU @ 2.30GHz" NumberOfProcessors="64"/><OperatingSystem Version="Windows Server 2012 " MajorVersion="6" MinorVersion="2" BuildNumber="9200" Platform="2" CSDVersion=""/><Memory Load="4"><Physical Total="410879545344" Available="390344695808"/><Virtual Total="140737488224256" Available="140734884954112"/></Memory><Modules><Module FullPath="C:\Program Files\AnsysEM\AnsysEM19.4\Win64\ansysedt.exe" BaseAddress="0x40000000" Size="0x00357000" TimeStamp="04/04/2019 15:27:34" FileVersion="2019.2.0.1" ProductVersion="2019.2.0.0"/><Module FullPath="C:\Windows\System32\ntdll.dll" BaseAddress="0xe22b0000" Size="0x001d0000" TimeStamp="04/07/2020 20:17:14" FileVersion="6.2.14393.3630" ProductVersion="10.0.14393.3630"/><Module FullPath="C:\Windows\System32\kernel32.dll" BaseAddress="0xe0030000" Size="0x000ac000" TimeStamp="04/07/2020 20:15:57" FileVersion="6.2.14393.3630" ProductVersion="10.0.14393.3630"/><Module FullPath="C:\Windows\System32\KERNELBASE.dll" BaseAddress="0xde9a0000" Size="0x0021e000" TimeStamp="04/10/2020 20:54:17" FileVersion="6.2.14393.3659" ProductVersion="10.0.14393.3659"/><Module FullPath="C:\Windows\System32\user32.dll" BaseAddress="0xdfbd0000" Size="0x00166000" TimeStamp="08/06/2020 14:53:30" FileVersion="6.2.14393.3866" ProductVersion="10.0.14393.3866"/><Module FullPath="C:\Program Files\AnsysEM\AnsysEM19.4\Win64\ngcore.dll" BaseAddress="0x80000000" Size="0x005dc000" TimeStamp="04/04/2019 15:30:56" FileVersion="2019.2.0.1" ProductVersion="2019.2.0.0"/><Module FullPath="C:\Windows\System32\win32u.dll" BaseAddress="0xdf780000" Size="0x0001e000" TimeStamp="02/02/2018 10:36:49" FileVersion="6.2.14393.51" ProductVersion="10.0.14393.51"/><Module FullPath="C:\Program Files\AnsysEM\AnsysEM19.4\Win64\uicore.dll" BaseAddress="0x00a90000" Size="0x0078b000" TimeStamp="04/04/2019 15:30:42" FileVersion="2019.2.0.1" ProductVersion="2019.2.0.0"/><Module FullPath="C:\Program Files\AnsysEM\AnsysEM19.4\Win64\desktop.dll" BaseAddress="0x01220000" Size="0x00d26000" TimeStamp="04/04/2019 15:28:14" FileVersion="2019.2.0.1" ProductVersion="2019.2.0.0"/><Module FullPath="C:\Windows\System32\gdi32.dll" BaseAddress="0xe20e0000" Size="0x00034000" TimeStamp="10/16/2019 22:25:35" FileVersion="6.2.14393.3321" ProductVersion="10.0.14393.3321"/><Module FullPath="C:\Windows\System32\gdi32full.dll" BaseAddress="0xde7a0000" Size="0x00181000" TimeStamp="09/01/2020 22:24:39" FileVersion="6.2.14393.3930" ProductVersion="10.0.14393.3930"/><Module FullPath="C:\Windows\System32\ws2_32.dll" BaseAddress="0xdff10000" Size="0x0006a000" TimeStamp="09/10/2019 20:32:45" FileVersion="6.2.14393.3241" ProductVersion="10.0.14393.3241"/><Module FullPath="C:\Windows\System32\advapi32.dll" BaseAddress="0xdff80000" Size="0x000a2000" TimeStamp="05/03/2019 21:19:20" FileVersion="6.2.14393.2969" ProductVersion="10.0.14393.2969"/><Module FullPath="C:\Windows\System32\sechost.dll" BaseAddress="0xdf8a0000" Size="0x00059000" TimeStamp="07/07/2020 23:37:01" FileVersion="6.2.14393.3808" ProductVersion="10.0.14393.3808"/><Module FullPath="C:\Windows\System32\msvcrt.dll" BaseAddress="0xe00e0000" Size="0x0009e000" TimeStamp="08/22/2018 20:24:05" FileVersion="7.0.14393.2457" ProductVersion="10.0.14393.2457"/><Module FullPath="C:\Windows\System32\rpcrt4.dll" BaseAddress="0xdf900000" Size="0x00121000" TimeStamp="09/01/2020 22:29:22" FileVersion="6.2.14393.3930" ProductVersion="10.0.14393.3930"/><Module FullPath="C:\Windows\System32\shell32.dll" BaseAddress="0xe0990000" Size="0x01506000" TimeStamp="08/06/2020 14:54:36" FileVersion="6.2.14393.3866" ProductVersion="10.0.14393.3866"/><Module FullPath="C:\Windows\System32\psapi.dll" BaseAddress="0xe22a0000" Size="0x00008000" TimeStamp="07/16/2016 05:18:30" FileVersion="6.2.14393.0" ProductVersion="10.0.14393.0"/><Module FullPath="C:\Windows\System32\ole32.dll" BaseAddress="0xe1fa0000" Size="0x00139000" TimeStamp="09/01/2020 22:25:45" FileVersion="6.2.14393.3930" ProductVersion="10.0.14393.3930"/><Module FullPath="C:\Windows\System32\cfgmgr32.dll" BaseAddress="0xdf580000" Size="0x00042000" TimeStamp="07/16/2016 05:18:41" FileVersion="6.2.14393.0" ProductVersion="10.0.14393.0"/><Module FullPath="C:\Windows\System32\combase.dll" BaseAddress="0xe01e0000" Size="0x002c5000" TimeStamp="09/01/2020 22:26:46" FileVersion="6.2.14393.3930" ProductVersion="10.0.14393.3930"/><Module FullPath="C:\Windows\System32\windows.storage.dll" BaseAddress="0xdec20000" Size="0x006d8000" TimeStamp="09/01/2020 22:27:23" FileVersion="6.2.14393.3930" ProductVersion="10.0.14393.3930"/><Module FullPath="C:\Windows\System32\ucrtbase.dll" BaseAddress="0xdf5d0000" Size="0x000f4000" TimeStamp="04/10/2020 20:53:02" FileVersion="6.2.14393.3659" ProductVersion="10.0.14393.3659"/><Module FullPath="C:\Windows\System32\shlwapi.dll" BaseAddress="0xe0180000" Size="0x00052000" TimeStamp="07/16/2016 05:18:47" FileVersion="6.2.14393.0" ProductVersion="10.0.14393.0"/><Module FullPath="C:\Windows\System32\bcryptPrimitives.dll" BaseAddress="0xde930000" Size="0x0006a000" TimeStamp="08/06/2020 14:55:41" FileVersion="6.2.14393.3866" ProductVersion="10.0.14393.3866"/><Module FullPath="C:\Windows\System32\powrprof.dll" BaseAddress="0xde740000" Size="0x0004c000" TimeStamp="07/16/2016 05:18:41" FileVersion="6.2.14393.0" ProductVersion="10.0.14393.0"/><Module FullPath="C:\Windows\System32\wintrust.dll" BaseAddress="0xdebc0000" Size="0x00055000" TimeStamp="02/05/2019 18:58:51" FileVersion="6.2.14393.2791" ProductVersion="10.0.14393.2791"/><Module FullPath="C:\Windows\System32\oleaut32.dll" BaseAddress="0xdfda0000" Size="0x000c0000" TimeStamp="07/07/2020 23:38:24" FileVersion="6.2.14393.3808" ProductVersion="10.0.14393.3808"/><Module FullPath="C:\Windows\System32\kernel.appcore.dll" BaseAddress="0xde730000" Size="0x0000f000" TimeStamp="06/07/2018 22:37:24" FileVersion="6.2.14393.2312" ProductVersion="10.0.14393.2312"/><Module FullPath="C:\Windows\System32\msasn1.dll" BaseAddress="0xde790000" Size="0x00010000" TimeStamp="07/16/2016 05:18:42" FileVersion="6.2.14393.0" ProductVersion="10.0.14393.0"/><Module FullPath="C:\Windows\System32\msvcp_win.dll" BaseAddress="0xdf7a0000" Size="0x0009c000" TimeStamp="05/20/2019 20:01:57" FileVersion="6.2.14393.2999" ProductVersion="10.0.14393.2999"/><Module FullPath="C:\Windows\System32\crypt32.dll" BaseAddress="0xdf3b0000" Size="0x001c9000" TimeStamp="12/19/2019 21:10:27" FileVersion="6.2.14393.3442" ProductVersion="10.0.14393.3442"/><Module FullPath="C:\Windows\System32\SHCore.dll" BaseAddress="0xdf300000" Size="0x000a9000" TimeStamp="07/07/2020 23:35:14" FileVersion="6.2.14393.3808" ProductVersion="10.0.14393.3808"/><Module FullPath="C:\Program Files\AnsysEM\AnsysEM19.4\Win64\uiresources.dll" BaseAddress="0x01f50000" Size="0x001ca000" TimeStamp="04/04/2019 15:30:42" FileVersion="2019.2.0.1" ProductVersion="2019.2.0.0"/><Module FullPath="C:\Windows\System32\comdlg32.dll" BaseAddress="0xe1ea0000" Size="0x000fa000" TimeStamp="02/16/2019 17:55:07" FileVersion="6.2.14393.2828" ProductVersion="10.0.14393.2828"/><Module FullPath="C:\Windows\System32\profapi.dll" BaseAddress="0xde710000" Size="0x00014000" TimeStamp="07/16/2016 05:18:42" FileVersion="6.2.14393.0" ProductVersion="10.0.14393.0"/><Module FullPath="C:\Program Files\AnsysEM\AnsysEM19.4\Win64\solutionmanager.dll" BaseAddress="0x02120000" Size="0x0011a000" TimeStamp="04/04/2019 15:30:22" FileVersion="2019.2.0.1" ProductVersion="2019.2.0.0"/><Module FullPath="C:\Program Files\AnsysEM\AnsysEM19.4\Win64\CrashReport.dll" BaseAddress="0x001a0000" Size="0x00019000" TimeStamp="04/04/2019 15:28:08" FileVersion="2019.2.0.1" ProductVersion="2019.2.0.0"/><Module FullPath="C:\Program Files\AnsysEM\AnsysEM19.4\Win64\AnsysCorbaDriver.dll" BaseAddress="0x02240000" Size="0x0005d000" TimeStamp="04/04/2019 15:27:34" FileVersion="0.0.0.0" ProductVersion="0.0.0.0"/><Module FullPath="C:\Program Files\AnsysEM\AnsysEM19.4\Win64\AppBase.dll" BaseAddress="0xd7220000" Size="0x0001c000" TimeStamp="04/04/2019 15:27:36" FileVersion="1.0.0.1" ProductVersion="1.0.0.1"/><Module FullPath="C:\Program Files\AnsysEM\AnsysEM19.4\Win64\atl_objects.dll" BaseAddress="0x022a0000" Size="0x0006b000" TimeStamp="04/04/2019 15:27:36" FileVersion="2019.2.0.1" ProductVersion="2019.2.0.0"/><Module FullPath="C:\Program Files\AnsysEM\AnsysEM19.4\Win64\BaseTextEditor.dll" BaseAddress="0x02310000" Size="0x00278000" TimeStamp="04/04/2019 15:27:38" FileVersion="2019.2.0.1" ProductVersion="2019.2.0.0"/><Module FullPath="C:\Program Files\AnsysEM\AnsysEM19.4\Win64\blackboxdata.dll" BaseAddress="0x02de0000" Size="0x00588000" TimeStamp="04/04/2019 15:27:38" FileVersion="2019.2.0.1" ProductVersion="2019.2.0.0"/><Module FullPath="C:\Program Files\AnsysEM\AnsysEM19.4\Win64\circuitresources.dll" BaseAddress="0x02590000" Size="0x00843000" TimeStamp="04/04/2019 15:28:00" FileVersion="2019.2.0.1" ProductVersion="2019.2.0.0"/><Module FullPath="C:\Program Files\AnsysEM\AnsysEM19.4\Win64\CircuitUtilityNG.dll" BaseAddress="0x03370000" Size="0x00141000" TimeStamp="04/04/2019 15:28:02" FileVersion="0.0.0.0" ProductVersion="0.0.0.0"/><Module FullPath="C:\Program Files\AnsysEM\AnsysEM19.4\Win64\CircuitUtilityUI.dll" BaseAddress="0x034c0000" Size="0x00066000" TimeStamp="04/04/2019 15:28:02" FileVersion="0.0.0.0" ProductVersion="0.0.0.0"/><Module FullPath="C:\Program Files\AnsysEM\AnsysEM19.4\Win64\CompDlgWizard.dll" BaseAddress="0x03550000" Size="0x000d4000" TimeStamp="04/04/2019 15:28:04" FileVersion="2019.2.0.1" ProductVersion="2019.2.0.0"/><Module FullPath="C:\Program Files\AnsysEM\AnsysEM19.4\Win64\ComponentDialogs.dll" BaseAddress="0x03630000" Size="0x003f6000" TimeStamp="04/04/2019 15:28:06" FileVersion="2019.2.0.30" ProductVersion="2019.2.0.0"/><Module FullPath="C:\Program Files\AnsysEM\AnsysEM19.4\Win64\DeviceCharacterization.dll" BaseAddress="0x03a40000" Size="0x00b1c000" TimeStamp="04/04/2019 15:28:16" FileVersion="2019.2.0.250" ProductVersion="2019.2.0.0"/><Module FullPath="C:\Program Files\AnsysEM\AnsysEM19.4\Win64\ExternalDataFile.dll" BaseAddress="0x04570000" Size="0x0006f000" TimeStamp="04/04/2019 15:28:38" FileVersion="2019.2.0.1" ProductVersion="2019.2.0.0"/><Module FullPath="C:\Program Files\AnsysEM\AnsysEM19.4\Win64\sheetscan.dll" BaseAddress="0x04600000" Size="0x0006d000" TimeStamp="04/04/2019 15:30:06" FileVersion="2019.2.0.1" ProductVersion="2019.2.0.0"/><Module FullPath="C:\Program Files\AnsysEM\AnsysEM19.4\Win64\simplorercoupling.dll" BaseAddress="0x04680000" Size="0x003cb000" TimeStamp="04/04/2019 15:30:12" FileVersion="2019.2.0.1" ProductVersion="2019.2.0.0"/><Module FullPath="C:\Program Files\AnsysEM\AnsysEM19.4\Win64\SParamAnalyzer.dll" BaseAddress="0x04a50000" Size="0x00402000" TimeStamp="04/04/2019 15:30:26" FileVersion="2019.2.0.1" ProductVersion="2019.2.0.0"/><Module FullPath="C:\Program Files\AnsysEM\AnsysEM19.4\Win64\TranslatorUtils.dll" BaseAddress="0x04e80000" Size="0x000b6000" TimeStamp="04/04/2019 15:30:38" FileVersion="0.0.0.0" ProductVersion="0.0.0.0"/><Module FullPath="C:\Windows\System32\mfc140.dll" BaseAddress="0xad5a0000" Size="0x0058e000" TimeStamp="07/05/2018 23:49:22" FileVersion="14.15.26706.0" ProductVersion="14.15.26706.0"/><Module FullPath="C:\Windows\System32\imm32.dll" BaseAddress="0xdfe60000" Size="0x0002e000" TimeStamp="07/16/2016 05:18:38" FileVersion="6.2.14393.0" ProductVersion="10.0.14393.0"/><Module FullPath="C:\Program Files\AnsysEM\AnsysEM19.4\Win64\pthreadVC2.dll" BaseAddress="0x04f70000" Size="0x00010000" TimeStamp="02/05/2018 15:30:58" FileVersion="0.0.0.0" ProductVersion="0.0.0.0"/><Module FullPath="C:\Windows\System32\uxtheme.dll" BaseAddress="0xdce30000" Size="0x00095000" TimeStamp="10/01/2019 12:38:52" FileVersion="6.2.14393.3297" ProductVersion="10.0.14393.3297"/><Module FullPath="C:\Windows\System32\secur32.dll" BaseAddress="0xdc240000" Size="0x0000c000" TimeStamp="04/27/2018 21:50:00" FileVersion="6.2.14393.2273" ProductVersion="10.0.14393.2273"/><Module FullPath="C:\Windows\System32\dhcpcsvc.dll" BaseAddress="0xdad10000" Size="0x0001a000" TimeStamp="09/01/2020 21:41:05" FileVersion="6.2.14393.3930" ProductVersion="10.0.14393.3930"/><Module FullPath="C:\Windows\System32\nsi.dll" BaseAddress="0xdfe90000" Size="0x00008000" TimeStamp="10/01/2019 13:25:31" FileVersion="6.2.14393.3297" ProductVersion="10.0.14393.3297"/><Module FullPath="C:\Windows\System32\msvcp140.dll" BaseAddress="0xbb380000" Size="0x0009b000" TimeStamp="07/05/2018 23:49:22" FileVersion="14.15.26706.0" ProductVersion="14.15.26706.0"/><Module FullPath="C:\Windows\System32\VCRUNTIME140.dll" BaseAddress="0xbe7e0000" Size="0x00016000" TimeStamp="07/05/2018 23:49:22" FileVersion="14.15.26706.0" ProductVersion="14.15.26706.0"/><Module FullPath="C:\Windows\System32\IPHLPAPI.DLL" BaseAddress="0xddd80000" Size="0x00038000" TimeStamp="06/11/2018 17:33:42" FileVersion="6.2.14393.2339" ProductVersion="10.0.14393.2339"/><Module FullPath="C:\Program Files\AnsysEM\AnsysEM19.4\Win64\boost_system-vc140-mt-1_63.dll" BaseAddress="0xd7290000" Size="0x0000b000" TimeStamp="12/06/2018 16:19:06" FileVersion="0.0.0.0" ProductVersion="0.0.0.0"/><Module FullPath="C:\Windows\System32\wtsapi32.dll" BaseAddress="0xdca00000" Size="0x00013000" TimeStamp="07/16/2016 05:18:58" FileVersion="6.2.14393.0" ProductVersion="10.0.14393.0"/><Module FullPath="C:\Windows\System32\mpr.dll" BaseAddress="0xd4fe0000" Size="0x0001b000" TimeStamp="03/13/2019 22:37:27" FileVersion="6.2.14393.2879" ProductVersion="10.0.14393.2879"/><Module FullPath="C:\Program Files\AnsysEM\AnsysEM19.4\Win64\DesktopZipArchive.dll" BaseAddress="0xce190000" Size="0x00053000" TimeStamp="11/30/2017 16:01:10" FileVersion="4.6.1.0" ProductVersion="4.6.1.0"/><Module FullPath="C:\Program Files\AnsysEM\AnsysEM19.4\Win64\ansoftvkitools.dll" BaseAddress="0x04f90000" Size="0x00553000" TimeStamp="01/17/2019 03:43:52" FileVersion="0.0.0.0" ProductVersion="0.0.0.0"/><Module FullPath="C:\Windows\WinSxS\amd64_microsoft.windows.common-controls_6595b64144ccf1df_5.82.14393.2457_none_a13eaee9d8fd5c07\comctl32.dll" BaseAddress="0xc5ae0000" Size="0x000ac000" TimeStamp="08/22/2018 20:20:06" FileVersion="5.82.14393.2457" ProductVersion="10.0.14393.2457"/><Module FullPath="C:\Program Files\AnsysEM\AnsysEM19.4\Win64\xerces-c_3_2.dll" BaseAddress="0xb2490000" Size="0x002bf000" TimeStamp="02/12/2019 16:37:00" FileVersion="3.2.2.0" ProductVersion="3.2.2.0"/><Module FullPath="C:\Program Files\AnsysEM\AnsysEM19.4\Win64\BCGCBPRO2430140.dll" BaseAddress="0x054f0000" Size="0x00a27000" TimeStamp="01/23/2019 20:28:38" FileVersion="24.3.0.0" ProductVersion="24.3.0.0"/><Module FullPath="C:\Program Files\AnsysEM\AnsysEM19.4\Win64\ComponentSystem.194.dll" BaseAddress="0x05f40000" Size="0x00572000" TimeStamp="11/30/2018 02:42:12" FileVersion="19.4.0.61371" ProductVersion="19.4.0.0"/><Module FullPath="C:\Program Files\AnsysEM\AnsysEM19.4\Win64\pawin32.dll" BaseAddress="0xce130000" Size="0x00055000" TimeStamp="08/10/2015 16:03:10" FileVersion="2.0.0.0" ProductVersion="2.0.0.0"/><Module FullPath="C:\Program Files\AnsysEM\AnsysEM19.4\Win64\sfl1220as.dll" BaseAddress="0x68620000" Size="0x000b7000" TimeStamp="09/13/2018 10:51:04" FileVersion="12.2.0.0" ProductVersion="12.2.0.0"/><Module FullPath="C:\Program Files\AnsysEM\AnsysEM19.4\Win64\ansoftcom.dll" BaseAddress="0x064e0000" Size="0x0012e000" TimeStamp="04/04/2019 15:27:22" FileVersion="2019.2.0.1" ProductVersion="2019.2.0.0"/><Module FullPath="C:\Program Files\AnsysEM\AnsysEM19.4\Win64\ModulePlugin.dll" BaseAddress="0x06620000" Size="0x00059000" TimeStamp="04/04/2019 15:29:30" FileVersion="0.0.0.0" ProductVersion="0.0.0.0"/><Module FullPath="C:\Program Files\AnsysEM\AnsysEM19.4\Win64\ngansoftcomapp.dll" BaseAddress="0x066a0000" Size="0x000fb000" TimeStamp="04/04/2019 15:29:34" FileVersion="2019.2.0.1" ProductVersion="2019.2.0.0"/><Module FullPath="C:\Windows\System32\netapi32.dll" BaseAddress="0xd4970000" Size="0x00018000" TimeStamp="07/16/2016 05:18:38" FileVersion="6.2.14393.0" ProductVersion="10.0.14393.0"/><Module FullPath="C:\Program Files\AnsysEM\AnsysEM19.4\Win64\PluginCore.dll" BaseAddress="0xd71f0000" Size="0x0001f000" TimeStamp="04/04/2019 15:29:44" FileVersion="0.0.0.0" ProductVersion="0.0.0.0"/><Module FullPath="C:\Windows\WinSxS\amd64_microsoft.windows.gdiplus_6595b64144ccf1df_1.1.14393.3930_none_aec977fbddd5fe73\GdiPlus.dll" BaseAddress="0xd45e0000" Size="0x0019a000" TimeStamp="09/01/2020 21:35:21" FileVersion="6.2.14393.3930" ProductVersion="10.0.14393.3930"/><Module FullPath="C:\Program Files\AnsysEM\AnsysEM19.4\Win64\ot1220as.dll" BaseAddress="0x68360000" Size="0x002bd000" TimeStamp="09/13/2018 10:52:14" FileVersion="12.2.0.0" ProductVersion="12.2.0.0"/><Module FullPath="C:\Program Files\AnsysEM\AnsysEM19.4\Win64\boost_date_time-vc140-mt-1_63.dll" BaseAddress="0xd7190000" Size="0x00014000" TimeStamp="12/06/2018 16:19:22" FileVersion="0.0.0.0" ProductVersion="0.0.0.0"/><Module FullPath="C:\Program Files\AnsysEM\AnsysEM19.4\Win64\boost_filesystem-vc140-mt-1_63.dll" BaseAddress="0xd6ee0000" Size="0x00027000" TimeStamp="12/06/2018 16:19:22" FileVersion="0.0.0.0" ProductVersion="0.0.0.0"/><Module FullPath="C:\Program Files\AnsysEM\AnsysEM19.4\Win64\boost_iostreams-vc140-mt-1_63.dll" BaseAddress="0xd6f60000" Size="0x00015000" TimeStamp="12/06/2018 16:19:42" FileVersion="0.0.0.0" ProductVersion="0.0.0.0"/><Module FullPath="C:\Windows\System32\dbghelp.dll" BaseAddress="0xd2290000" Size="0x00192000" TimeStamp="07/16/2016 05:18:45" FileVersion="6.2.14321.1024" ProductVersion="10.0.14321.1024"/><Module FullPath="C:\Windows\System32\version.dll" BaseAddress="0xd4920000" Size="0x0000a000" TimeStamp="07/16/2016 05:18:47" FileVersion="6.2.14393.0" ProductVersion="10.0.14393.0"/><Module FullPath="C:\Program Files\AnsysEM\AnsysEM19.4\Win64\ZipArchive.dll" BaseAddress="0x067f0000" Size="0x00079000" TimeStamp="11/30/2017 15:47:58" FileVersion="3.0.0.0" ProductVersion="3.0.0.0"/><Module FullPath="C:\Program Files\AnsysEM\AnsysEM19.4\Win64\ACE.dll" BaseAddress="0xb4770000" Size="0x0017b000" TimeStamp="02/20/2018 19:47:52" FileVersion="6.4.6.0" ProductVersion="6.4.6.0"/><Module FullPath="C:\Program Files\AnsysEM\AnsysEM19.4\Win64\TAO.dll" BaseAddress="0xb4aa0000" Size="0x00153000" TimeStamp="02/20/2018 20:37:12" FileVersion="2.4.6.0" ProductVersion="2.4.6.0"/><Module FullPath="C:\Program Files\AnsysEM\AnsysEM19.4\Win64\TAO_AnyTypeCode.dll" BaseAddress="0xcde60000" Size="0x00090000" TimeStamp="02/20/2018 20:39:16" FileVersion="2.4.6.0" ProductVersion="2.4.6.0"/><Module FullPath="C:\Program Files\AnsysEM\AnsysEM19.4\Win64\postngcore.dll" BaseAddress="0x068b0000" Size="0x002c1000" TimeStamp="04/04/2019 15:29:50" FileVersion="2019.2.0.1" ProductVersion="2019.2.0.0"/><Module FullPath="C:\Program Files\AnsysEM\AnsysEM19.4\Win64\productbasedll.dll" BaseAddress="0x06b80000" Size="0x006ab000" TimeStamp="04/04/2019 15:29:50" FileVersion="2019.2.0.1" ProductVersion="2019.2.0.0"/><Module FullPath="C:\Windows\System32\mfc140u.dll" BaseAddress="0xbb680000" Size="0x00595000" TimeStamp="07/05/2018 23:49:22" FileVersion="14.15.26706.0" ProductVersion="14.15.26706.0"/><Module FullPath="C:\Program Files\AnsysEM\AnsysEM19.4\Win64\boost_regex-vc140-mt-1_63.dll" BaseAddress="0xb49a0000" Size="0x000f9000" TimeStamp="12/06/2018 16:19:22" FileVersion="0.0.0.0" ProductVersion="0.0.0.0"/><Module FullPath="C:\Program Files\AnsysEM\AnsysEM19.4\Win64\modulebase.dll" BaseAddress="0x07240000" Size="0x0004f000" TimeStamp="04/04/2019 15:29:30" FileVersion="2019.2.0.1" ProductVersion="2019.2.0.0"/><Module FullPath="C:\Program Files\AnsysEM\AnsysEM19.4\Win64\managerbase.dll" BaseAddress="0x07290000" Size="0x00034000" TimeStamp="04/04/2019 15:29:14" FileVersion="2019.2.0.1" ProductVersion="2019.2.0.0"/><Module FullPath="C:\Program Files\AnsysEM\AnsysEM19.4\Win64\HFResources.dll" BaseAddress="0x072d0000" Size="0x00176000" TimeStamp="04/04/2019 15:28:54" FileVersion="2019.2.0.1" ProductVersion="2019.2.0.0"/><Module FullPath="C:\Program Files\AnsysEM\AnsysEM19.4\Win64\tdr.dll" BaseAddress="0x07470000" Size="0x0007a000" TimeStamp="04/04/2019 15:30:34" FileVersion="2019.2.0.1" ProductVersion="2019.2.0.0"/><Module FullPath="C:\Program Files\AnsysEM\AnsysEM19.4\Win64\mkl_intel_thread.dll" BaseAddress="0xaa610000" Size="0x01952000" TimeStamp="07/20/2017 11:53:56" FileVersion="2018.0.0.1" ProductVersion="0.0.0.0"/><Module FullPath="C:\Program Files\AnsysEM\AnsysEM19.4\Win64\ExtSimTCPIPComm.dll" BaseAddress="0x07520000" Size="0x00023000" TimeStamp="04/04/2019 15:28:40" FileVersion="2019.2.0.1" ProductVersion="2019.2.0.0"/><Module FullPath="C:\Program Files\AnsysEM\AnsysEM19.4\Win64\datalinkdll.dll" BaseAddress="0x07550000" Size="0x0005e000" TimeStamp="04/04/2019 15:28:10" FileVersion="2019.2.0.1" ProductVersion="2019.2.0.0"/><Module FullPath="C:\Program Files\AnsysEM\AnsysEM19.4\Win64\standalone_state_space_fitter.dll" BaseAddress="0xb0ff0000" Size="0x00297000" TimeStamp="04/04/2019 15:30:30" FileVersion="0.0.0.0" ProductVersion="0.0.0.0"/><Module FullPath="C:\Program Files\AnsysEM\AnsysEM19.4\Win64\boost_timer-vc140-mt-1_63.dll" BaseAddress="0xd71e0000" Size="0x0000d000" TimeStamp="12/06/2018 16:18:56" FileVersion="0.0.0.0" ProductVersion="0.0.0.0"/><Module FullPath="C:\Program Files\AnsysEM\AnsysEM19.4\Win64\view3d.dll" BaseAddress="0x075e0000" Size="0x0016d000" TimeStamp="04/04/2019 15:30:50" FileVersion="2019.2.0.1" ProductVersion="2019.2.0.0"/><Module FullPath="C:\Program Files\AnsysEM\AnsysEM19.4\Win64\libgmp-10.dll" BaseAddress="0x6acc0000" Size="0x00073000" TimeStamp="02/08/2018 11:10:44" FileVersion="5.0.1.0" ProductVersion="5.0.1.0"/><Module FullPath="C:\Windows\System32\glu32.dll" BaseAddress="0xd6ca0000" Size="0x0002d000" TimeStamp="07/16/2016 05:18:59" FileVersion="6.2.14393.0" ProductVersion="10.0.14393.0"/><Module FullPath="C:\Program Files\AnsysEM\AnsysEM19.4\Win64\libmpfr-4.dll" BaseAddress="0x6f540000" Size="0x00061000" TimeStamp="02/08/2018 11:10:44" FileVersion="3.0.0.0" ProductVersion="3.0.0.0"/><Module FullPath="C:\Program Files\AnsysEM\AnsysEM19.4\Win64\CGAL-vc140-mt-4.9.dll" BaseAddress="0xce0f0000" Size="0x00031000" TimeStamp="02/08/2018 11:46:58" FileVersion="4.9.0.1000" ProductVersion="4.9.0.1000"/><Module FullPath="C:\Windows\System32\winhttp.dll" BaseAddress="0xdc250000" Size="0x000cc000" TimeStamp="03/05/2019 22:03:27" FileVersion="6.2.14393.2848" ProductVersion="10.0.14393.2848"/><Module FullPath="C:\Windows\System32\opengl32.dll" BaseAddress="0xad050000" Size="0x00123000" TimeStamp="07/16/2016 05:18:59" FileVersion="6.2.14393.0" ProductVersion="10.0.14393.0"/><Module FullPath="C:\Windows\System32\avifil32.dll" BaseAddress="0xd6ec0000" Size="0x00020000" TimeStamp="07/16/2016 05:18:48" FileVersion="6.2.14393.0" ProductVersion="10.0.14393.0"/><Module FullPath="C:\Program Files\AnsysEM\AnsysEM19.4\Win64\glew32.dll" BaseAddress="0x682a0000" Size="0x000b1000" TimeStamp="01/03/2019 17:27:46" FileVersion="1.10.0.0" ProductVersion="1.10.0.0"/><Module FullPath="C:\Program Files\AnsysEM\AnsysEM19.4\Win64\avcodec-57.dll" BaseAddress="0xad200000" Size="0x00391000" TimeStamp="02/20/2018 12:56:30" FileVersion="0.0.0.0" ProductVersion="0.0.0.0"/><Module FullPath="C:\Program Files\AnsysEM\AnsysEM19.4\Win64\avformat-57.dll" BaseAddress="0xcda30000" Size="0x0005c000" TimeStamp="02/20/2018 12:56:30" FileVersion="0.0.0.0" ProductVersion="0.0.0.0"/><Module FullPath="C:\Program Files\AnsysEM\AnsysEM19.4\Win64\avutil-55.dll" BaseAddress="0xcd4a0000" Size="0x00074000" TimeStamp="02/20/2018 12:56:34" FileVersion="0.0.0.0" ProductVersion="0.0.0.0"/><Module FullPath="C:\Program Files\AnsysEM\AnsysEM19.4\Win64\swresample-2.dll" BaseAddress="0xce0c0000" Size="0x00023000" TimeStamp="02/20/2018 12:56:32" FileVersion="0.0.0.0" ProductVersion="0.0.0.0"/><Module FullPath="C:\Program Files\AnsysEM\AnsysEM19.4\Win64\swscale-4.dll" BaseAddress="0xc97c0000" Size="0x00086000" TimeStamp="02/20/2018 12:56:32" FileVersion="0.0.0.0" ProductVersion="0.0.0.0"/><Module FullPath="C:\Program Files\AnsysEM\AnsysEM19.4\Win64\RWUXThemeS15.dll" BaseAddress="0x07780000" Size="0x00027000" TimeStamp="09/12/2018 18:12:38" FileVersion="12.2.0.0" ProductVersion="12.2.0.0"/><Module FullPath="C:\Program Files\AnsysEM\AnsysEM19.4\Win64\boost_thread-vc140-mt-1_63.dll" BaseAddress="0xcd8f0000" Size="0x00022000" TimeStamp="12/06/2018 16:19:18" FileVersion="0.0.0.0" ProductVersion="0.0.0.0"/><Module FullPath="C:\Windows\System32\mswsock.dll" BaseAddress="0xde040000" Size="0x0005d000" TimeStamp="04/10/2020 20:51:19" FileVersion="6.2.14393.3659" ProductVersion="10.0.14393.3659"/><Module FullPath="C:\Windows\System32\winspool.drv" BaseAddress="0xda500000" Size="0x00086000" TimeStamp="04/07/2020 19:26:08" FileVersion="6.2.14393.3630" ProductVersion="10.0.14393.3630"/><Module FullPath="C:\Program Files\AnsysEM\AnsysEM19.4\Win64\boost_random-vc140-mt-1_63.dll" BaseAddress="0xd71c0000" Size="0x0000c000" TimeStamp="12/06/2018 16:18:52" FileVersion="0.0.0.0" ProductVersion="0.0.0.0"/><Module FullPath="C:\Windows\System32\odbc32.dll" BaseAddress="0xc59c0000" Size="0x000af000" TimeStamp="12/18/2019 20:14:21" FileVersion="6.2.14393.3471" ProductVersion="10.0.14393.3471"/><Module FullPath="C:\Windows\System32\winmm.dll" BaseAddress="0xdc090000" Size="0x00023000" TimeStamp="07/16/2016 05:18:49" FileVersion="6.2.14393.0" ProductVersion="10.0.14393.0"/><Module FullPath="C:\Windows\System32\oleacc.dll" BaseAddress="0xd4790000" Size="0x00065000" TimeStamp="09/01/2020 21:41:00" FileVersion="7.2.14393.3930" ProductVersion="10.0.14393.3930"/><Module FullPath="C:\Windows\System32\mscoree.dll" BaseAddress="0xd5fe0000" Size="0x00066000" TimeStamp="07/16/2016 05:18:08" FileVersion="6.2.14393.0" ProductVersion="10.0.14393.0"/><Module FullPath="C:\Windows\WinSxS\amd64_microsoft.windows.common-controls_6595b64144ccf1df_6.0.14393.3053_none_7de042968342015d\comctl32.dll" BaseAddress="0xcf0f0000" Size="0x0027a000" TimeStamp="06/12/2019 21:14:48" FileVersion="6.10.14393.3053" ProductVersion="10.0.14393.3053"/><Module FullPath="C:\Program Files\AnsysEM\AnsysEM19.4\Win64\mkl_core.dll" BaseAddress="0xa7940000" Size="0x01aac000" TimeStamp="07/20/2017 11:53:56" FileVersion="2018.0.0.1" ProductVersion="0.0.0.0"/><Module FullPath="C:\Program Files\AnsysEM\AnsysEM19.4\Win64\libiomp5md.dll" BaseAddress="0xb1b90000" Size="0x001c4000" TimeStamp="04/10/2018 09:09:30" FileVersion="5.0.2018.209" ProductVersion="5.0.2018.209"/><Module FullPath="C:\Program Files\AnsysEM\AnsysEM19.4\Win64\AnsPlot.dll" BaseAddress="0x077c0000" Size="0x0089a000" TimeStamp="04/04/2019 15:27:26" FileVersion="2019.2.0.1" ProductVersion="2019.2.0.0"/><Module FullPath="C:\Program Files\AnsysEM\AnsysEM19.4\Win64\reporter.dll" BaseAddress="0x08060000" Size="0x00070000" TimeStamp="04/04/2019 15:29:58" FileVersion="2019.2.0.1" ProductVersion="2019.2.0.0"/><Module FullPath="C:\Program Files\AnsysEM\AnsysEM19.4\Win64\boost_chrono-vc140-mt-1_63.dll" BaseAddress="0xd7180000" Size="0x0000d000" TimeStamp="12/06/2018 16:19:18" FileVersion="0.0.0.0" ProductVersion="0.0.0.0"/><Module FullPath="C:\Windows\System32\msvfw32.dll" BaseAddress="0xcba30000" Size="0x00029000" TimeStamp="07/16/2016 05:18:48" FileVersion="6.2.14393.0" ProductVersion="10.0.14393.0"/><Module FullPath="C:\Windows\System32\msacm32.dll" BaseAddress="0xcd480000" Size="0x0001c000" TimeStamp="07/16/2016 05:18:49" FileVersion="6.2.14393.0" ProductVersion="10.0.14393.0"/><Module FullPath="C:\Windows\System32\ddraw.dll" BaseAddress="0xadfc0000" Size="0x000f7000" TimeStamp="02/02/2018 10:37:28" FileVersion="6.2.14393.953" ProductVersion="10.0.14393.953"/><Module FullPath="C:\Windows\System32\sspicli.dll" BaseAddress="0xde410000" Size="0x0002c000" TimeStamp="10/10/2018 00:30:28" FileVersion="6.2.14393.2580" ProductVersion="10.0.14393.2580"/><Module FullPath="C:\Windows\System32\bcrypt.dll" BaseAddress="0xde2f0000" Size="0x0002b000" TimeStamp="05/03/2019 21:18:20" FileVersion="6.2.14393.2969" ProductVersion="10.0.14393.2969"/><Module FullPath="C:\Windows\System32\dpapi.dll" BaseAddress="0xddc40000" Size="0x0000a000" TimeStamp="07/16/2016 05:18:41" FileVersion="6.2.14393.0" ProductVersion="10.0.14393.0"/><Module FullPath="C:\Windows\System32\WINMMBASE.dll" BaseAddress="0xdc030000" Size="0x0002b000" TimeStamp="07/16/2016 05:18:49" FileVersion="6.2.14393.0" ProductVersion="10.0.14393.0"/><Module FullPath="C:\Windows\System32\dbgcore.dll" BaseAddress="0xd1e30000" Size="0x00029000" TimeStamp="07/16/2016 05:18:45" FileVersion="6.2.14321.1024" ProductVersion="10.0.14321.1024"/><Module FullPath="C:\Windows\System32\netutils.dll" BaseAddress="0xdde70000" Size="0x0000d000" TimeStamp="07/16/2016 05:18:41" FileVersion="6.2.14393.0" ProductVersion="10.0.14393.0"/><Module FullPath="C:\Windows\System32\dciman32.dll" BaseAddress="0xd6eb0000" Size="0x00008000" TimeStamp="07/16/2016 05:18:38" FileVersion="6.2.14393.0" ProductVersion="10.0.14393.0"/><Module FullPath="C:\Windows\System32\dwmapi.dll" BaseAddress="0xdb900000" Size="0x00026000" TimeStamp="02/02/2018 10:36:17" FileVersion="6.2.14393.206" ProductVersion="10.0.14393.206"/><Module FullPath="C:\Windows\System32\msimg32.dll" BaseAddress="0xd4990000" Size="0x00007000" TimeStamp="07/16/2016 05:18:38" FileVersion="6.2.14393.0" ProductVersion="10.0.14393.0"/><Module FullPath="C:\Windows\System32\riched32.dll" BaseAddress="0xd70d0000" Size="0x00007000" TimeStamp="07/16/2016 05:18:59" FileVersion="6.2.14393.0" ProductVersion="10.0.14393.0"/><Module FullPath="C:\Windows\System32\riched20.dll" BaseAddress="0xb43e0000" Size="0x00096000" TimeStamp="07/16/2016 05:18:59" FileVersion="5.31.23.1231" ProductVersion="5.0.0.0"/><Module FullPath="C:\Windows\System32\msls31.dll" BaseAddress="0xcb110000" Size="0x00039000" TimeStamp="07/16/2016 05:18:54" FileVersion="3.10.349.0" ProductVersion="3.10.0.0"/><Module FullPath="C:\Windows\System32\usp10.dll" BaseAddress="0xcb3c0000" Size="0x00019000" TimeStamp="10/16/2019 21:46:09" FileVersion="6.2.14393.3321" ProductVersion="10.0.14393.3321"/><Module FullPath="C:\Windows\System32\NapiNSP.dll" BaseAddress="0xd2b90000" Size="0x00016000" TimeStamp="07/16/2016 05:18:47" FileVersion="6.2.14393.0" ProductVersion="10.0.14393.0"/><Module FullPath="C:\Windows\System32\dnsapi.dll" BaseAddress="0xdddc0000" Size="0x000a2000" TimeStamp="09/01/2020 22:31:04" FileVersion="6.2.14393.3930" ProductVersion="10.0.14393.3930"/><Module FullPath="C:\Windows\System32\winrnr.dll" BaseAddress="0xd2be0000" Size="0x0000e000" TimeStamp="07/16/2016 05:18:34" FileVersion="6.2.14393.0" ProductVersion="10.0.14393.0"/><Module FullPath="C:\Windows\System32\nlaapi.dll" BaseAddress="0xdad50000" Size="0x00018000" TimeStamp="07/07/2020 22:50:25" FileVersion="6.2.14393.3808" ProductVersion="10.0.14393.3808"/><Module FullPath="C:\Program Files\AnsysEM\AnsysEM19.4\Win64\featuremgr.DLL" BaseAddress="0xcba00000" Size="0x00030000" TimeStamp="04/04/2019 15:28:42" FileVersion="0.0.0.0" ProductVersion="0.0.0.0"/><Module FullPath="C:\Windows\System32\dhcpcsvc6.DLL" BaseAddress="0xdad30000" Size="0x00016000" TimeStamp="09/01/2020 21:43:04" FileVersion="6.2.14393.3930" ProductVersion="10.0.14393.3930"/><Module FullPath="C:\Windows\System32\FWPUCLNT.DLL" BaseAddress="0xd9df0000" Size="0x0006a000" TimeStamp="07/16/2016 05:18:28" FileVersion="6.2.14393.0" ProductVersion="10.0.14393.0"/><Module FullPath="C:\Windows\System32\rasadhlp.dll" BaseAddress="0xd5a40000" Size="0x0000a000" TimeStamp="07/16/2016 05:18:20" FileVersion="6.2.14393.0" ProductVersion="10.0.14393.0"/><Module FullPath="C:\Windows\Microsoft.NET\Framework64\v4.0.30319\mscoreei.dll" BaseAddress="0xd1e60000" Size="0x000aa000" TimeStamp="03/26/2020 15:10:19" FileVersion="4.8.4180.0" ProductVersion="4.0.30319.0"/><Module FullPath="C:\Windows\Microsoft.NET\Framework64\v4.0.30319\clr.dll" BaseAddress="0xd1070000" Size="0x00ac2000" TimeStamp="07/28/2020 21:27:46" FileVersion="4.8.4240.0" ProductVersion="4.0.30319.0"/><Module FullPath="C:\Windows\System32\VCRUNTIME140_CLR0400.dll" BaseAddress="0xd27b0000" Size="0x00016000" TimeStamp="03/03/2020 09:50:54" FileVersion="14.10.25028.0" ProductVersion="14.10.25028.0"/><Module FullPath="C:\Windows\System32\ucrtbase_clr0400.dll" BaseAddress="0xd0eb0000" Size="0x000bd000" TimeStamp="03/03/2020 09:50:54" FileVersion="14.10.25028.0" ProductVersion="14.10.25028.0"/><Module FullPath="C:\Windows\assembly\NativeImages_v4.0.30319_64\mscorlib\0877843a1e2b81b98f8301e1d81f673b\mscorlib.ni.dll" BaseAddress="0xcf570000" Size="0x01600000" TimeStamp="07/28/2020 22:14:50" FileVersion="4.8.4240.0" ProductVersion="4.0.30319.0"/><Module FullPath="C:\Windows\Microsoft.NET\Framework64\v4.0.30319\clrjit.dll" BaseAddress="0xcf3f0000" Size="0x0014e000" TimeStamp="07/28/2020 21:27:46" FileVersion="4.8.4240.0" ProductVersion="4.0.30319.0"/><Module FullPath="C:\Program Files\AnsysEM\AnsysEM19.4\Win64\AnsoftCOMSchedulerPluginDll.dll" BaseAddress="0x0ab50000" Size="0x00011000" TimeStamp="04/04/2019 15:27:22" FileVersion="0.0.0.0" ProductVersion="0.0.0.0"/><Module FullPath="C:\Program Files\AnsysEM\AnsysEM19.4\Win64\apdlinks.dll" BaseAddress="0x24110000" Size="0x0080e000" TimeStamp="04/04/2019 15:27:36" FileVersion="0.0.0.0" ProductVersion="0.0.0.0"/><Module FullPath="C:\Program Files\AnsysEM\AnsysEM19.4\Win64\ExternalLinkBase.dll" BaseAddress="0x24920000" Size="0x00233000" TimeStamp="04/04/2019 15:28:38" FileVersion="1.0.0.1" ProductVersion="1.0.0.1"/><Module FullPath="C:\Windows\System32\msctf.dll" BaseAddress="0xe2120000" Size="0x0015b000" TimeStamp="09/01/2020 22:24:51" FileVersion="6.2.14393.3930" ProductVersion="10.0.14393.3930"/><Module FullPath="C:\Windows\System32\clbcatq.dll" BaseAddress="0xe04b0000" Size="0x0009f000" TimeStamp="07/16/2016 05:18:33" FileVersion="2001.12.10941.16384" ProductVersion="10.0.14393.0"/><Module FullPath="C:\Windows\System32\cryptsp.dll" BaseAddress="0xde1e0000" Size="0x00017000" TimeStamp="05/03/2019 21:17:32" FileVersion="6.2.14393.2969" ProductVersion="10.0.14393.2969"/><Module FullPath="C:\Windows\System32\rsaenh.dll" BaseAddress="0xddc00000" Size="0x00033000" TimeStamp="05/03/2019 21:17:54" FileVersion="6.2.14393.2969" ProductVersion="10.0.14393.2969"/><Module FullPath="C:\Windows\System32\CRYPTBASE.dll" BaseAddress="0xde200000" Size="0x0000b000" TimeStamp="07/16/2016 05:18:43" FileVersion="6.2.14393.0" ProductVersion="10.0.14393.0"/><Module FullPath="C:\Windows\System32\dataexchange.dll" BaseAddress="0xc78b0000" Size="0x00049000" TimeStamp="05/04/2020 17:22:46" FileVersion="6.2.14393.3686" ProductVersion="10.0.14393.3686"/><Module FullPath="C:\Windows\System32\d3d11.dll" BaseAddress="0xd9eb0000" Size="0x002b6000" TimeStamp="01/31/2020 12:29:33" FileVersion="6.2.14393.3503" ProductVersion="10.0.14393.3503"/><Module FullPath="C:\Windows\System32\dcomp.dll" BaseAddress="0xdbc50000" Size="0x00151000" TimeStamp="08/22/2018 20:21:41" FileVersion="6.2.14393.2457" ProductVersion="10.0.14393.2457"/><Module FullPath="C:\Windows\System32\dxgi.dll" BaseAddress="0xdd760000" Size="0x0009f000" TimeStamp="08/22/2018 20:21:51" FileVersion="6.2.14393.2457" ProductVersion="10.0.14393.2457"/><Module FullPath="C:\Windows\System32\twinapi.appcore.dll" BaseAddress="0xdd1f0000" Size="0x0011d000" TimeStamp="09/01/2020 22:27:13" FileVersion="6.2.14393.3930" ProductVersion="10.0.14393.3930"/><Module FullPath="C:\Windows\System32\WindowsCodecs.dll" BaseAddress="0xdb0a0000" Size="0x001a8000" TimeStamp="09/01/2020 22:28:04" FileVersion="6.2.14393.3930" ProductVersion="10.0.14393.3930"/><Module FullPath="C:\Program Files\AnsysEM\AnsysEM19.4\Win64\optimetrics.DLL" BaseAddress="0x27000000" Size="0x0037e000" TimeStamp="04/04/2019 15:29:38" FileVersion="2019.2.0.1" ProductVersion="2019.2.0.0"/><Module FullPath="C:\Program Files\AnsysEM\AnsysEM19.4\Win64\DXLibWrapper.dll" BaseAddress="0xc9c80000" Size="0x00052000" TimeStamp="03/01/2019 02:57:14" FileVersion="0.0.0.0" ProductVersion="0.0.0.0"/><Module FullPath="C:\Program Files\AnsysEM\AnsysEM19.4\Win64\DXCoreDll.dll" BaseAddress="0x27380000" Size="0x0025b000" TimeStamp="03/01/2019 02:57:14" FileVersion="19.4.0.54568" ProductVersion="19.4.0.0"/><Module FullPath="C:\Program Files\AnsysEM\AnsysEM19.4\Win64\DXCoreConfig.dll" BaseAddress="0x0a570000" Size="0x00009000" TimeStamp="03/01/2019 02:57:14" FileVersion="19.4.0.54568" ProductVersion="19.4.0.0"/><Module FullPath="C:\Program Files\AnsysEM\AnsysEM19.4\Win64\DXROM.dll" BaseAddress="0x24ec0000" Size="0x00084000" TimeStamp="03/01/2019 02:57:14" FileVersion="19.4.0.54568" ProductVersion="19.4.0.0"/><Module FullPath="C:\Program Files\AnsysEM\AnsysEM19.4\Win64\DXCadoe.dll" BaseAddress="0x275e0000" Size="0x00672000" TimeStamp="03/01/2019 02:57:14" FileVersion="19.4.0.54568" ProductVersion="19.4.0.0"/><Module FullPath="C:\Program Files\AnsysEM\AnsysEM19.4\Win64\libifcoremd.dll" BaseAddress="0xac010000" Size="0x001bf000" TimeStamp="04/10/2018 09:09:30" FileVersion="18.0.1.0" ProductVersion="18.0.1.0"/><Module FullPath="C:\Program Files\AnsysEM\AnsysEM19.4\Win64\libmmd.dll" BaseAddress="0xa9e00000" Size="0x00415000" TimeStamp="04/10/2018 09:09:32" FileVersion="18.0.0.0" ProductVersion="18.0.0.0"/><Module FullPath="C:\Windows\System32\imagehlp.dll" BaseAddress="0xe2280000" Size="0x0001c000" TimeStamp="07/16/2016 05:18:42" FileVersion="6.2.14393.0" ProductVersion="10.0.14393.0"/><Module FullPath="C:\Windows\System32\vcomp140.dll" BaseAddress="0xc9de0000" Size="0x00028000" TimeStamp="07/05/2018 23:49:22" FileVersion="14.15.26706.0" ProductVersion="14.15.26706.0"/><Module FullPath="C:\Program Files\AnsysEM\AnsysEM19.4\Win64\mkl_rt.dll" BaseAddress="0xa5de0000" Size="0x00d26000" TimeStamp="07/20/2017 11:53:58" FileVersion="2018.0.0.1" ProductVersion="0.0.0.0"/><Module FullPath="C:\Program Files\AnsysEM\AnsysEM19.4\Win64\hfsslib.dll" BaseAddress="0x28220000" Size="0x019c8000" TimeStamp="04/04/2019 15:28:56" FileVersion="2019.2.0.1" ProductVersion="2019.2.0.0"/><Module FullPath="C:\Program Files\AnsysEM\AnsysEM19.4\Win64\materialmodeler.dll" BaseAddress="0xc98e0000" Size="0x00013000" TimeStamp="04/04/2019 15:29:14" FileVersion="0.0.0.0" ProductVersion="0.0.0.0"/><Module FullPath="C:\Program Files\AnsysEM\AnsysEM19.4\Win64\DSOManager.dll" BaseAddress="0x24f90000" Size="0x00074000" TimeStamp="04/04/2019 15:28:22" FileVersion="2019.2.0.1" ProductVersion="2019.2.0.0"/><Module FullPath="C:\Program Files\AnsysEM\AnsysEM19.4\Win64\em_moduledll.dll" BaseAddress="0x29bf0000" Size="0x00b24000" TimeStamp="04/04/2019 15:28:32" FileVersion="2019.2.0.1" ProductVersion="2019.2.0.0"/><Module FullPath="C:\Program Files\AnsysEM\AnsysEM19.4\Win64\empostdll.dll" BaseAddress="0x2a720000" Size="0x003ba000" TimeStamp="04/04/2019 15:28:32" FileVersion="2019.2.0.1" ProductVersion="2019.2.0.0"/><Module FullPath="C:\Program Files\AnsysEM\AnsysEM19.4\Win64\FieldsCalculatorUI.dll" BaseAddress="0x27c60000" Size="0x000e4000" TimeStamp="04/04/2019 15:28:42" FileVersion="2019.2.0.1" ProductVersion="2019.2.0.0"/><Module FullPath="C:\Program Files\AnsysEM\AnsysEM19.4\Win64\HFProductBase.dll" BaseAddress="0x2aae0000" Size="0x002bb000" TimeStamp="04/04/2019 15:28:54" FileVersion="2019.2.0.1" ProductVersion="2019.2.0.0"/><Module FullPath="C:\Program Files\AnsysEM\AnsysEM19.4\Win64\hfssbase.dll" BaseAddress="0x2ada0000" Size="0x00429000" TimeStamp="04/04/2019 15:28:54" FileVersion="2019.2.0.1" ProductVersion="2019.2.0.0"/><Module FullPath="C:\Program Files\AnsysEM\AnsysEM19.4\Win64\SweepRange.dll" BaseAddress="0x25010000" Size="0x0002c000" TimeStamp="04/04/2019 15:30:32" FileVersion="0.0.0.0" ProductVersion="0.0.0.0"/><Module FullPath="C:\Program Files\AnsysEM\AnsysEM19.4\Win64\qd.dll" BaseAddress="0xb8c00000" Size="0x00067000" TimeStamp="02/18/2015 18:12:46" FileVersion="0.0.0.0" ProductVersion="0.0.0.0"/><Module FullPath="C:\Program Files\AnsysEM\AnsysEM19.4\Win64\UserDefinedDocuments.dll" BaseAddress="0xb44f0000" Size="0x000e7000" TimeStamp="04/04/2019 15:30:46" FileVersion="0.0.0.0" ProductVersion="0.0.0.0"/><Module FullPath="C:\Program Files\AnsysEM\AnsysEM19.4\Win64\tbbmalloc.dll" BaseAddress="0xc7900000" Size="0x00044000" TimeStamp="12/06/2017 16:52:46" FileVersion="2018.0.2017.1205" ProductVersion="2018.0.2017.1205"/><Module FullPath="C:\Program Files\AnsysEM\AnsysEM19.4\Win64\reportsetup.DLL" BaseAddress="0x2cec0000" Size="0x00199000" TimeStamp="04/04/2019 15:30:00" FileVersion="2019.2.0.1" ProductVersion="2019.2.0.0"/><Module FullPath="C:\Program Files\AnsysEM\AnsysEM19.4\Win64\reportsetupui.DLL" BaseAddress="0x2cbc0000" Size="0x00137000" TimeStamp="04/04/2019 15:30:00" FileVersion="2019.2.0.1" ProductVersion="2019.2.0.0"/><Module FullPath="C:\Program Files\AnsysEM\AnsysEM19.4\Win64\meshsetup.DLL" BaseAddress="0x2d060000" Size="0x0020f000" TimeStamp="04/04/2019 15:29:26" FileVersion="2019.2.0.1" ProductVersion="2019.2.0.0"/><Module FullPath="C:\Program Files\AnsysEM\AnsysEM19.4\Win64\fieldspostprocessor.DLL" BaseAddress="0x2d290000" Size="0x002d7000" TimeStamp="04/04/2019 15:28:42" FileVersion="2019.2.0.1" ProductVersion="2019.2.0.0"/><Module FullPath="C:\Program Files\AnsysEM\AnsysEM19.4\Win64\plot3d.dll" BaseAddress="0x2d580000" Size="0x00080000" TimeStamp="04/04/2019 15:29:44" FileVersion="2019.2.0.1" ProductVersion="2019.2.0.0"/><Module FullPath="C:\Program Files\AnsysEM\AnsysEM19.4\Win64\radfield.dll" BaseAddress="0x2d610000" Size="0x0031b000" TimeStamp="04/04/2019 15:29:56" FileVersion="2019.2.0.1" ProductVersion="2019.2.0.0"/><Module FullPath="C:\Program Files\AnsysEM\AnsysEM19.4\Win64\ensemble.dll" BaseAddress="0x2d960000" Size="0x02273000" TimeStamp="04/04/2019 15:28:34" FileVersion="2019.2.0.1" ProductVersion="2019.2.0.0"/><Module FullPath="C:\Program Files\AnsysEM\AnsysEM19.4\Win64\CustomSimSetupBase.dll" BaseAddress="0xb4080000" Size="0x000b9000" TimeStamp="04/04/2019 15:28:10" FileVersion="0.0.0.0" ProductVersion="0.0.0.0"/><Module FullPath="C:\Program Files\AnsysEM\AnsysEM19.4\Win64\fieldspostng.dll" BaseAddress="0x2fbf0000" Size="0x0003d000" TimeStamp="04/04/2019 15:28:42" FileVersion="2019.2.0.1" ProductVersion="2019.2.0.0"/><Module FullPath="C:\Program Files\AnsysEM\AnsysEM19.4\Win64\HierarchyProductBase.dll" BaseAddress="0x2fc30000" Size="0x006ec000" TimeStamp="04/04/2019 15:28:58" FileVersion="2019.2.0.1" ProductVersion="2019.2.0.0"/><Module FullPath="C:\Program Files\AnsysEM\AnsysEM19.4\Win64\tbb.dll" BaseAddress="0xc7860000" Size="0x00045000" TimeStamp="12/06/2017 16:52:46" FileVersion="2018.0.2017.1205" ProductVersion="2018.0.2017.1205"/><Module FullPath="C:\Program Files\AnsysEM\AnsysEM19.4\Win64\zlibwapi.dll" BaseAddress="0xc9790000" Size="0x00022000" TimeStamp="07/31/2017 14:44:46" FileVersion="1.2.11.0" ProductVersion="1.2.11.0"/><Module FullPath="C:\Program Files\AnsysEM\AnsysEM19.4\Win64\designmanager.DLL" BaseAddress="0x30350000" Size="0x0053a000" TimeStamp="04/04/2019 15:28:12" FileVersion="2019.2.0.1" ProductVersion="2019.2.0.0"/><Module FullPath="C:\Program Files\AnsysEM\AnsysEM19.4\Win64\HFIE.dll" BaseAddress="0x318d0000" Size="0x00e22000" TimeStamp="04/04/2019 15:28:52" FileVersion="2019.2.0.1" ProductVersion="2019.2.0.0"/><Module FullPath="C:\Program Files\AnsysEM\AnsysEM19.4\Win64\Q3D.dll" BaseAddress="0x32780000" Size="0x00f00000" TimeStamp="04/04/2019 15:29:52" FileVersion="2019.2.0.1" ProductVersion="2019.2.0.0"/><Module FullPath="C:\Program Files\AnsysEM\AnsysEM19.4\Win64\SpicelinkBase.dll" BaseAddress="0x33690000" Size="0x00471000" TimeStamp="04/04/2019 15:30:28" FileVersion="2019.2.0.1" ProductVersion="2019.2.0.0"/><Module FullPath="C:\Program Files\AnsysEM\AnsysEM19.4\Win64\reducematrixui.dll" BaseAddress="0xb8910000" Size="0x00077000" TimeStamp="04/04/2019 15:29:56" FileVersion="0.0.0.0" ProductVersion="0.0.0.0"/><Module FullPath="C:\Program Files\AnsysEM\AnsysEM19.4\Win64\Extractor2D.DLL" BaseAddress="0x34b80000" Size="0x00ee9000" TimeStamp="04/04/2019 15:28:40" FileVersion="2019.2.0.1" ProductVersion="2019.2.0.0"/><Module FullPath="C:\Program Files\AnsysEM\AnsysEM19.4\Win64\altrasim.dll" BaseAddress="0x35b10000" Size="0x01f0b000" TimeStamp="04/04/2019 15:27:16" FileVersion="2019.2.0.1" ProductVersion="2019.2.0.0"/><Module FullPath="C:\Program Files\AnsysEM\AnsysEM19.4\Win64\svml_dispmd.dll" BaseAddress="0xa4170000" Size="0x011dc000" TimeStamp="04/10/2018 09:09:32" FileVersion="18.0.0.0" ProductVersion="18.0.0.0"/><Module FullPath="C:\Program Files\AnsysEM\AnsysEM19.4\Win64\altrasimnetlist.DLL" BaseAddress="0x37d00000" Size="0x009e8000" TimeStamp="04/04/2019 15:27:18" FileVersion="2019.2.0.1" ProductVersion="2019.2.0.0"/><Module FullPath="C:\Program Files\AnsysEM\AnsysEM19.4\Win64\Emit.dll" BaseAddress="0x386f0000" Size="0x00336000" TimeStamp="04/04/2019 15:28:32" FileVersion="1.0.0.1" ProductVersion="1.0.0.1"/><Module FullPath="C:\Program Files\AnsysEM\AnsysEM19.4\Win64\MaxwellLib.DLL" BaseAddress="0x38a30000" Size="0x00cc2000" TimeStamp="04/04/2019 15:29:20" FileVersion="2019.2.0.1" ProductVersion="2019.2.0.0"/><Module FullPath="C:\Program Files\AnsysEM\AnsysEM19.4\Win64\MaxwellBase.dll" BaseAddress="0x39700000" Size="0x009ad000" TimeStamp="04/04/2019 15:29:18" FileVersion="0.0.0.0" ProductVersion="0.0.0.0"/><Module FullPath="C:\Program Files\AnsysEM\AnsysEM19.4\Win64\Maxwell2DLib.DLL" BaseAddress="0x3b080000" Size="0x00937000" TimeStamp="04/04/2019 15:29:18" FileVersion="2019.2.0.1" ProductVersion="2019.2.0.0"/><Module FullPath="C:\Program Files\AnsysEM\AnsysEM19.4\Win64\RMxprtLib.DLL" BaseAddress="0x3ba00000" Size="0x00544000" TimeStamp="04/04/2019 15:30:02" FileVersion="2019.2.0.1" ProductVersion="2019.2.0.0"/><Module FullPath="C:\Program Files\AnsysEM\AnsysEM19.4\Win64\MaxCirLib.DLL" BaseAddress="0x3bfa0000" Size="0x0009c000" TimeStamp="04/04/2019 15:29:16" FileVersion="2019.2.0.1" ProductVersion="2019.2.0.0"/><Module FullPath="C:\Program Files\AnsysEM\AnsysEM19.4\Win64\SimplorerLib.DLL" BaseAddress="0x3c070000" Size="0x00c3b000" TimeStamp="04/04/2019 15:30:12" FileVersion="2019.2.0.1" ProductVersion="2019.2.0.0"/><Module FullPath="C:\Program Files\AnsysEM\AnsysEM19.4\Win64\IcepakLib.DLL" BaseAddress="0x3ccd0000" Size="0x01180000" TimeStamp="04/04/2019 15:29:02" FileVersion="2019.2.0.1" ProductVersion="2019.2.0.0"/><Module FullPath="C:\Program Files\AnsysEM\AnsysEM19.4\Win64\MechanicalLib.DLL" BaseAddress="0x3ee80000" Size="0x00a09000" TimeStamp="04/04/2019 15:29:24" FileVersion="2019.2.0.1" ProductVersion="2019.2.0.0"/><Module FullPath="C:\Program Files\AnsysEM\AnsysEM19.4\Win64\filterdesign.DLL" BaseAddress="0x3f8e0000" Size="0x003a7000" TimeStamp="04/04/2019 15:28:44" FileVersion="0.0.0.0" ProductVersion="0.0.0.0"/><Module FullPath="C:\Program Files\AnsysEM\AnsysEM19.4\Win64\report2d.dll" BaseAddress="0x3fca0000" Size="0x000f2000" TimeStamp="04/04/2019 15:29:58" FileVersion="2019.2.0.1" ProductVersion="2019.2.0.0"/><Module FullPath="C:\Program Files\AnsysEM\AnsysEM19.4\Win64\report3d.dll" BaseAddress="0x3fdb0000" Size="0x00058000" TimeStamp="04/04/2019 15:29:58" FileVersion="2019.2.0.1" ProductVersion="2019.2.0.0"/><Module FullPath="C:\Program Files\AnsysEM\AnsysEM19.4\Win64\GraphicalPlot.DLL" BaseAddress="0xb46f0000" Size="0x0007d000" TimeStamp="04/04/2019 15:28:50" FileVersion="0.0.0.0" ProductVersion="0.0.0.0"/><Module FullPath="C:\Program Files\AnsysEM\AnsysEM19.4\Win64\schematic.DLL" BaseAddress="0x3fe30000" Size="0x00aeb000" TimeStamp="04/04/2019 15:30:04" FileVersion="2019.2.0.1" ProductVersion="2019.2.0.0"/><Module FullPath="C:\Program Files\AnsysEM\AnsysEM19.4\Win64\netlist.dll" BaseAddress="0x40950000" Size="0x0004c000" TimeStamp="04/04/2019 15:29:34" FileVersion="2019.2.0.1" ProductVersion="2019.2.0.0"/><Module FullPath="C:\Program Files\AnsysEM\AnsysEM19.4\Win64\layout.dll" BaseAddress="0x409b0000" Size="0x01bb6000" TimeStamp="04/04/2019 15:29:08" FileVersion="0.0.0.0" ProductVersion="0.0.0.0"/><Module FullPath="C:\Program Files\AnsysEM\AnsysEM19.4\Win64\TD_Alloc_4.02_14.dll" BaseAddress="0xd0de0000" Size="0x00008000" TimeStamp="12/21/2016 11:49:36" FileVersion="4.2.2.0" ProductVersion="4.2.2.0"/><Module FullPath="C:\Windows\System32\wsock32.dll" BaseAddress="0xd4960000" Size="0x00009000" TimeStamp="07/16/2016 05:18:48" FileVersion="6.2.14393.0" ProductVersion="10.0.14393.0"/><Module FullPath="C:\Program Files\AnsysEM\AnsysEM19.4\Win64\LayoutUI.dll" BaseAddress="0x42580000" Size="0x008b2000" TimeStamp="04/04/2019 15:29:10" FileVersion="2019.2.0.1" ProductVersion="2019.2.0.0"/><Module FullPath="C:\Program Files\AnsysEM\AnsysEM19.4\Win64\PadstackEditor.dll" BaseAddress="0x42e40000" Size="0x000d8000" TimeStamp="04/04/2019 15:29:40" FileVersion="0.0.0.0" ProductVersion="0.0.0.0"/><Module FullPath="C:\Program Files\AnsysEM\AnsysEM19.4\Win64\TD_Db_4.02_14.dll" BaseAddress="0xa34f0000" Size="0x00c73000" TimeStamp="12/21/2016 11:49:46" FileVersion="4.2.2.0" ProductVersion="4.2.2.0"/><Module FullPath="C:\Program Files\AnsysEM\AnsysEM19.4\Win64\TD_Root_4.02_14.dll" BaseAddress="0xb23a0000" Size="0x000e6000" TimeStamp="12/21/2016 11:50:40" FileVersion="4.2.2.0" ProductVersion="4.2.2.0"/><Module FullPath="C:\Program Files\AnsysEM\AnsysEM19.4\Win64\TD_DbRoot_4.02_14.dll" BaseAddress="0xb3ff0000" Size="0x00088000" TimeStamp="12/21/2016 11:49:46" FileVersion="4.2.2.0" ProductVersion="4.2.2.0"/><Module FullPath="C:\Program Files\AnsysEM\AnsysEM19.4\Win64\TD_Ge_4.02_14.dll" BaseAddress="0xa9c70000" Size="0x00184000" TimeStamp="12/21/2016 11:50:14" FileVersion="4.2.2.0" ProductVersion="4.2.2.0"/><Module FullPath="C:\Program Files\AnsysEM\AnsysEM19.4\Win64\TD_Gi_4.02_14.dll" BaseAddress="0xa9a90000" Size="0x001dc000" TimeStamp="12/21/2016 11:50:16" FileVersion="4.2.2.0" ProductVersion="4.2.2.0"/><Module FullPath="C:\Program Files\AnsysEM\AnsysEM19.4\Win64\TD_SpatialIndex_4.02_14.dll" BaseAddress="0xce210000" Size="0x00010000" TimeStamp="12/21/2016 11:50:42" FileVersion="4.2.2.0" ProductVersion="4.2.2.0"/><Module FullPath="C:\Program Files\AnsysEM\AnsysEM19.4\Win64\sisl.dll" BaseAddress="0xb1580000" Size="0x0011b000" TimeStamp="12/21/2016 11:49:28" FileVersion="4.2.2.0" ProductVersion="4.2.2.0"/><Module FullPath="C:\Program Files\AnsysEM\AnsysEM19.4\Win64\LayoutGeometry3D.DLL" BaseAddress="0xa9620000" Size="0x00470000" TimeStamp="04/04/2019 15:29:10" FileVersion="0.0.0.0" ProductVersion="0.0.0.0"/><Module FullPath="C:\Program Files\AnsysEM\AnsysEM19.4\Win64\cmodeleditor.DLL" BaseAddress="0x42f50000" Size="0x00123000" TimeStamp="04/04/2019 15:28:04" FileVersion="2019.2.0.1" ProductVersion="2019.2.0.0"/><Module FullPath="C:\Program Files\AnsysEM\AnsysEM19.4\Win64\geometry3d.DLL" BaseAddress="0x430b0000" Size="0x021fe000" TimeStamp="04/04/2019 15:28:48" FileVersion="2019.2.0.1" ProductVersion="2019.2.0.0"/><Module FullPath="C:\Windows\System32\urlmon.dll" BaseAddress="0xd31f0000" Size="0x001c3000" TimeStamp="04/10/2020 20:02:36" FileVersion="11.0.14393.3659" ProductVersion="11.0.14393.3659"/><Module FullPath="C:\Windows\System32\iertutil.dll" BaseAddress="0xd81e0000" Size="0x002b1000" TimeStamp="07/07/2020 23:35:13" FileVersion="11.0.14393.3808" ProductVersion="11.0.14393.3808"/><Module FullPath="C:\Program Files\AnsysEM\AnsysEM19.4\Win64\Machine.dll" BaseAddress="0x452c0000" Size="0x00e34000" TimeStamp="04/04/2019 15:29:12" FileVersion="2019.2.0.1" ProductVersion="2019.2.0.0"/><Module FullPath="C:\Program Files\AnsysEM\AnsysEM19.4\Win64\SmlModelEditor.DLL" BaseAddress="0x46130000" Size="0x0006a000" TimeStamp="04/04/2019 15:30:22" FileVersion="2019.2.0.1" ProductVersion="2019.2.0.0"/><Module FullPath="C:\Program Files\AnsysEM\AnsysEM19.4\Win64\SpiceModelEditor.DLL" BaseAddress="0x461d0000" Size="0x00068000" TimeStamp="04/04/2019 15:30:28" FileVersion="2019.2.0.1" ProductVersion="2019.2.0.0"/><Module FullPath="C:\Program Files\AnsysEM\AnsysEM19.4\Win64\VhdlModelEditor.DLL" BaseAddress="0x46270000" Size="0x000ce000" TimeStamp="04/04/2019 15:30:48" FileVersion="2019.2.0.1" ProductVersion="2019.2.0.0"/><Module FullPath="C:\Program Files\AnsysEM\AnsysEM19.4\Win64\VhdlPackageEditor.DLL" BaseAddress="0x46370000" Size="0x0005f000" TimeStamp="04/04/2019 15:30:48" FileVersion="2019.2.0.1" ProductVersion="2019.2.0.0"/><Module FullPath="C:\Program Files\AnsysEM\AnsysEM19.4\Win64\ModelicaModelEditor.DLL" BaseAddress="0x46400000" Size="0x00150000" TimeStamp="04/04/2019 15:29:30" FileVersion="2019.2.0.1" ProductVersion="2019.2.0.0"/><Module FullPath="C:\Program Files\AnsysEM\AnsysEM19.4\Win64\circuitmanager.DLL" BaseAddress="0x46580000" Size="0x00914000" TimeStamp="04/04/2019 15:28:00" FileVersion="2019.2.0.1" ProductVersion="2019.2.0.0"/><Module FullPath="C:\Program Files\AnsysEM\AnsysEM19.4\Win64\circuitdefinitionmgr.dll" BaseAddress="0x46eb0000" Size="0x004a8000" TimeStamp="04/04/2019 15:28:00" FileVersion="0.0.0.0" ProductVersion="0.0.0.0"/><Module FullPath="C:\Program Files\AnsysEM\AnsysEM19.4\Win64\controls.ocx" BaseAddress="0x48340000" Size="0x00072000" TimeStamp="04/04/2019 12:48:34" FileVersion="2019.2.0.1" ProductVersion="2019.2.0.0"/><Module FullPath="C:\Windows\assembly\NativeImages_v4.0.30319_64\System\c5b940fceb3cb327592f3d34589cad38\System.ni.dll" BaseAddress="0xce480000" Size="0x00c70000" TimeStamp="09/11/2020 17:58:27" FileVersion="4.8.4210.0" ProductVersion="4.0.30319.0"/><Module FullPath="C:\Windows\assembly\NativeImages_v4.0.30319_64\System.Drawing\3401ff0ef7b80b83ce2a01750e32a59a\System.Drawing.ni.dll" BaseAddress="0xc87c0000" Size="0x001f4000" TimeStamp="09/11/2020 17:59:10" FileVersion="4.8.3761.0" ProductVersion="4.0.30319.0"/><Module FullPath="C:\Windows\assembly\NativeImages_v4.0.30319_64\System.Windows.Forms\231d8fad3071b3176f63fdd934ea0c54\System.Windows.Forms.ni.dll" BaseAddress="0xbd5e0000" Size="0x010a8000" TimeStamp="09/11/2020 17:59:39" FileVersion="4.8.4210.0" ProductVersion="4.0.30319.0"/><Module FullPath="C:\Windows\assembly\NativeImages_v4.0.30319_64\System.Core\a425c8422cc29db2bc800162d2a21d83\System.Core.ni.dll" BaseAddress="0xcc970000" Size="0x00a75000" TimeStamp="09/11/2020 17:58:32" FileVersion="4.8.4240.0" ProductVersion="4.0.30319.0"/><Module FullPath="C:\Program Files\AnsysEM\AnsysEM19.4\Win64\SimplorerCompEngine.DLL" BaseAddress="0x52540000" Size="0x00576000" TimeStamp="04/04/2019 15:30:12" FileVersion="2019.2.0.171" ProductVersion="2019.2.0.0"/><Module FullPath="C:\Program Files\AnsysEM\AnsysEM19.4\Win64\ToolBox70.dll" BaseAddress="0x52ad0000" Size="0x00048000" TimeStamp="04/04/2019 15:30:36" FileVersion="2019.2.0.5" ProductVersion="2019.2.0.0"/><Module FullPath="C:\Program Files\AnsysEM\AnsysEM19.4\Win64\Sim2000.dll" BaseAddress="0x56540000" Size="0x01d63000" TimeStamp="04/04/2019 15:30:08" FileVersion="2019.2.0.8" ProductVersion="2019.2.0.0"/><Module FullPath="C:\Program Files\AnsysEM\AnsysEM19.4\Win64\SPICECOMPILER.dll" BaseAddress="0x52b20000" Size="0x03a20000" TimeStamp="04/04/2019 15:30:26" FileVersion="2019.2.0.155" ProductVersion="2019.2.0.0"/><Module FullPath="C:\Program Files\AnsysEM\AnsysEM19.4\Win64\SMLCompiler.dll" BaseAddress="0x582b0000" Size="0x060b0000" TimeStamp="04/04/2019 15:30:22" FileVersion="2019.2.0.452" ProductVersion="2019.2.0.0"/><Module FullPath="C:\Program Files\AnsysEM\AnsysEM19.4\Win64\VHDLComp.dll" BaseAddress="0x5e390000" Size="0x000b9000" TimeStamp="04/04/2019 15:30:48" FileVersion="2019.2.0.24" ProductVersion="2019.2.0.0"/><Module FullPath="C:\Program Files\AnsysEM\AnsysEM19.4\Win64\boost_serialization-vc140-mt-1_63.dll" BaseAddress="0xc7380000" Size="0x00048000" TimeStamp="12/06/2018 16:18:54" FileVersion="0.0.0.0" ProductVersion="0.0.0.0"/><Module FullPath="C:\Program Files\AnsysEM\AnsysEM19.4\Win64\SimpLang80.dll" BaseAddress="0x5e450000" Size="0x00455000" TimeStamp="04/04/2019 15:30:10" FileVersion="2019.2.0.1" ProductVersion="2019.2.0.0"/><Module FullPath="C:\Program Files\AnsysEM\AnsysEM19.4\Win64\VHDLGenData.dll" BaseAddress="0x5e8c0000" Size="0x000d7000" TimeStamp="04/04/2019 15:30:48" FileVersion="2019.2.0.5" ProductVersion="2019.2.0.0"/><Module FullPath="C:\Program Files\AnsysEM\AnsysEM19.4\Win64\Complex.dll" BaseAddress="0x5e9d0000" Size="0x00012000" TimeStamp="04/04/2019 15:28:04" FileVersion="2019.2.0.1" ProductVersion="2019.2.0.0"/><Module FullPath="C:\Program Files\AnsysEM\AnsysEM19.4\Win64\Formelsolver.dll" BaseAddress="0x5e9f0000" Size="0x0015b000" TimeStamp="04/04/2019 15:28:46" FileVersion="2019.2.0.3" ProductVersion="2019.2.0.0"/><Module FullPath="C:\Program Files\AnsysEM\AnsysEM19.4\Win64\datatrans.dll" BaseAddress="0x5eb50000" Size="0x0001f000" TimeStamp="04/04/2019 15:28:12" FileVersion="2019.2.0.1" ProductVersion="2019.2.0.0"/><Module FullPath="C:\Program Files\AnsysEM\AnsysEM19.4\Win64\SimpComm80.dll" BaseAddress="0x5eba0000" Size="0x00119000" TimeStamp="04/04/2019 15:30:10" FileVersion="2019.2.0.0" ProductVersion="2019.2.0.0"/><Module FullPath="C:\Program Files\AnsysEM\AnsysEM19.4\Win64\FittingBase.dll" BaseAddress="0xb44b0000" Size="0x0003a000" TimeStamp="04/04/2019 15:28:44" FileVersion="0.0.0.0" ProductVersion="0.0.0.0"/><Module FullPath="C:\Program Files\AnsysEM\AnsysEM19.4\Win64\MaxWSpcPwl.dll" BaseAddress="0x5ecc0000" Size="0x0001b000" TimeStamp="04/04/2019 15:29:24" FileVersion="2019.2.0.0" ProductVersion="2019.2.0.0"/><Module FullPath="C:\Windows\System32\oledlg.dll" BaseAddress="0xd4930000" Size="0x00024000" TimeStamp="07/16/2016 05:18:33" FileVersion="6.2.14393.0" ProductVersion="10.0.14393.0"/><Module FullPath="C:\Program Files\AnsysEM\AnsysEM19.4\Win64\boost_log-vc140-mt-1_63.dll" BaseAddress="0xb0f20000" Size="0x000c4000" TimeStamp="12/06/2018 16:17:30" FileVersion="0.0.0.0" ProductVersion="0.0.0.0"/><Module FullPath="C:\PROGRAM FILES\AnsysEM\ANSYSEM19.4\Win64\SimVHDL.dll" BaseAddress="0x5ed10000" Size="0x000f3000" TimeStamp="04/04/2019 15:30:14" FileVersion="2019.2.0.5" ProductVersion="2019.2.0.0"/><Module FullPath="C:\Program Files\AnsysEM\AnsysEM19.4\Win64\SimVHDLA.dll" BaseAddress="0x5ee20000" Size="0x000a8000" TimeStamp="04/04/2019 15:30:14" FileVersion="2019.2.0.5" ProductVersion="2019.2.0.0"/><Module FullPath="C:\Program Files\AnsysEM\AnsysEM19.4\Win64\SimVHDLDig.dll" BaseAddress="0x5eed0000" Size="0x000bb000" TimeStamp="04/04/2019 15:30:14" FileVersion="2019.2.0.5" ProductVersion="2019.2.0.0"/><Module FullPath="C:\Program Files\AnsysEM\AnsysEM19.4\Win64\Sim2000User.dll" BaseAddress="0x5efb0000" Size="0x00028000" TimeStamp="04/04/2019 15:30:08" FileVersion="2019.2.0.7" ProductVersion="2019.2.0.0"/><Module FullPath="C:\Program Files\AnsysEM\AnsysEM19.4\Win64\EDBStrideDLL.DLL" BaseAddress="0xa59e0000" Size="0x003f8000" TimeStamp="04/04/2019 15:28:28" FileVersion="0.0.0.0" ProductVersion="0.0.0.0"/><Module FullPath="C:\Program Files\AnsysEM\AnsysEM19.4\Win64\Stride.dll" BaseAddress="0xb4370000" Size="0x00061000" TimeStamp="03/27/2019 13:38:30" FileVersion="0.0.0.0" ProductVersion="0.0.0.0"/><Module FullPath="C:\Program Files\AnsysEM\AnsysEM19.4\Win64\EDBKern.dll" BaseAddress="0x5f130000" Size="0x01262000" TimeStamp="04/04/2019 15:28:28" FileVersion="0.0.0.0" ProductVersion="0.0.0.0"/><Module FullPath="C:\Program Files\AnsysEM\AnsysEM19.4\Win64\DRC.dll" BaseAddress="0x26710000" Size="0x006ef000" TimeStamp="04/04/2019 15:28:22" FileVersion="2019.2.0.1" ProductVersion="2019.2.0.0"/><Module FullPath="C:\Program Files\AnsysEM\AnsysEM19.4\Win64\EnsemblePostProc.DLL" BaseAddress="0x643e0000" Size="0x01246000" TimeStamp="04/04/2019 15:28:36" FileVersion="0.0.0.0" ProductVersion="0.0.0.0"/><Module FullPath="C:\Program Files\AnsysEM\AnsysEM19.4\Win64\reportkern.DLL" BaseAddress="0x65630000" Size="0x00232000" TimeStamp="04/04/2019 15:30:00" FileVersion="2019.2.0.1" ProductVersion="2019.2.0.0"/><Module FullPath="C:\Windows\System32\apphelp.dll" BaseAddress="0xdc8b0000" Size="0x0007a000" TimeStamp="07/16/2016 05:18:31" FileVersion="6.2.14393.0" ProductVersion="10.0.14393.0"/><Module FullPath="C:\Windows\System32\dlnashext.dll" BaseAddress="0xc7950000" Size="0x0004d000" TimeStamp="09/01/2020 21:49:55" FileVersion="6.2.14393.3930" ProductVersion="10.0.14393.3930"/><Module FullPath="C:\Windows\System32\DevDispItemProvider.dll" BaseAddress="0xd7160000" Size="0x0001e000" TimeStamp="07/16/2016 05:18:21" FileVersion="6.2.14393.0" ProductVersion="10.0.14393.0"/><Module FullPath="C:\Windows\System32\propsys.dll" BaseAddress="0xdb9f0000" Size="0x00185000" TimeStamp="03/05/2019 22:56:28" FileVersion="7.0.14393.2848" ProductVersion="7.0.14393.2848"/><Module FullPath="C:\Windows\System32\actxprxy.dll" BaseAddress="0xd1f10000" Size="0x00366000" TimeStamp="07/07/2020 22:46:15" FileVersion="6.2.14393.3808" ProductVersion="10.0.14393.3808"/><Module FullPath="C:\Windows\System32\DriverStore\FileRepository\prnms003.inf_amd64_77a61bf47994a611\Amd64\PrintConfig.dll" BaseAddress="0xb1810000" Size="0x00358000" TimeStamp="09/01/2020 22:33:07" FileVersion="0.3.14393.3930" ProductVersion="10.0.14393.3930"/><Module FullPath="C:\Windows\System32\prntvpt.dll" BaseAddress="0xb17e0000" Size="0x0002c000" TimeStamp="02/16/2019 17:59:39" FileVersion="6.2.14393.2828" ProductVersion="10.0.14393.2828"/><Module FullPath="C:\Windows\System32\userenv.dll" BaseAddress="0xdde80000" Size="0x0001f000" TimeStamp="10/01/2019 13:28:45" FileVersion="6.2.14393.3297" ProductVersion="10.0.14393.3297"/><Module FullPath="C:\Windows\System32\wininet.dll" BaseAddress="0xd49a0000" Size="0x003e2000" TimeStamp="09/01/2020 21:38:03" FileVersion="11.0.14393.3930" ProductVersion="11.0.14393.3930"/><Module FullPath="C:\Windows\System32\jscript.dll" BaseAddress="0xb1710000" Size="0x000c7000" TimeStamp="09/01/2020 21:36:48" FileVersion="5.812.10240.16384" ProductVersion="5.812.10240.16384"/><Module FullPath="C:\Windows\System32\sxs.dll" BaseAddress="0xde5e0000" Size="0x00098000" TimeStamp="07/16/2016 05:18:49" FileVersion="6.2.14393.0" ProductVersion="10.0.14393.0"/><Module FullPath="C:\Windows\System32\ondemandconnroutehelper.dll" BaseAddress="0xd5b90000" Size="0x00015000" TimeStamp="05/04/2020 17:25:24" FileVersion="6.2.14393.3686" ProductVersion="10.0.14393.3686"/><Module FullPath="C:\Windows\System32\webio.dll" BaseAddress="0xcad40000" Size="0x00090000" TimeStamp="08/06/2020 14:10:31" FileVersion="6.2.14393.3866" ProductVersion="10.0.14393.3866"/><Module FullPath="C:\Windows\System32\winnsi.dll" BaseAddress="0xdae80000" Size="0x0000b000" TimeStamp="06/11/2018 17:26:48" FileVersion="6.2.14393.2339" ProductVersion="10.0.14393.2339"/><Module FullPath="C:\Windows\System32\schannel.dll" BaseAddress="0xddb40000" Size="0x00077000" TimeStamp="09/01/2020 21:40:27" FileVersion="6.2.14393.3930" ProductVersion="10.0.14393.3930"/><Module FullPath="C:\Windows\System32\mskeyprotect.dll" BaseAddress="0xcb700000" Size="0x00015000" TimeStamp="05/03/2019 20:34:14" FileVersion="6.2.14393.2969" ProductVersion="10.0.14393.2969"/><Module FullPath="C:\Windows\System32\ncrypt.dll" BaseAddress="0xde2c0000" Size="0x00026000" TimeStamp="05/03/2019 21:18:03" FileVersion="6.2.14393.2969" ProductVersion="10.0.14393.2969"/><Module FullPath="C:\Windows\System32\ntasn1.dll" BaseAddress="0xde280000" Size="0x0003b000" TimeStamp="07/16/2016 05:18:42" FileVersion="6.2.14393.0" ProductVersion="10.0.14393.0"/><Module FullPath="C:\Windows\System32\ncryptsslp.dll" BaseAddress="0xcb8a0000" Size="0x00021000" TimeStamp="02/19/2020 00:45:27" FileVersion="6.2.14393.3541" ProductVersion="10.0.14393.3541"/><Module FullPath="C:\Windows\System32\dui70.dll" BaseAddress="0xb8ed0000" Size="0x001a8000" TimeStamp="04/27/2018 21:39:00" FileVersion="6.2.14393.2273" ProductVersion="10.0.14393.2273"/><Module FullPath="C:\Windows\System32\duser.dll" BaseAddress="0xb8990000" Size="0x00094000" TimeStamp="07/16/2016 05:18:59" FileVersion="6.2.14393.0" ProductVersion="10.0.14393.0"/><Module FullPath="C:\Windows\System32\thumbcache.dll" BaseAddress="0xc7280000" Size="0x00053000" TimeStamp="10/24/2018 19:12:57" FileVersion="6.2.14393.2608" ProductVersion="10.0.14393.2608"/><Module FullPath="C:\Windows\System32\edputil.dll" BaseAddress="0xc9600000" Size="0x00042000" TimeStamp="10/24/2018 19:16:59" FileVersion="6.2.14393.2608" ProductVersion="10.0.14393.2608"/><Module FullPath="C:\Windows\System32\uiautomationcore.dll" BaseAddress="0xb3e10000" Size="0x001aa000" TimeStamp="10/24/2018 19:10:37" FileVersion="7.2.14393.2608" ProductVersion="10.0.14393.2608"/><Module FullPath="C:\Windows\System32\atlthunk.dll" BaseAddress="0xc9ce0000" Size="0x00009000" TimeStamp="05/03/2019 20:35:00" FileVersion="6.2.14393.2969" ProductVersion="10.0.14393.2969"/><Module FullPath="C:\Windows\System32\StructuredQuery.dll" BaseAddress="0xa5430000" Size="0x000a1000" TimeStamp="09/01/2020 21:38:43" FileVersion="7.0.14393.3930" ProductVersion="7.0.14393.3930"/><Module FullPath="C:\Windows\System32\ntlanman.dll" BaseAddress="0xb1520000" Size="0x00016000" TimeStamp="03/13/2019 22:06:46" FileVersion="6.2.14393.2879" ProductVersion="10.0.14393.2879"/><Module FullPath="C:\Windows\System32\drprov.dll" BaseAddress="0xca940000" Size="0x0000b000" TimeStamp="07/16/2016 05:18:46" FileVersion="6.2.14393.0" ProductVersion="10.0.14393.0"/><Module FullPath="C:\Windows\System32\winsta.dll" BaseAddress="0xdd940000" Size="0x00056000" TimeStamp="07/16/2016 05:18:58" FileVersion="6.2.14393.0" ProductVersion="10.0.14393.0"/><Module FullPath="C:\Windows\System32\wkscli.dll" BaseAddress="0xdac80000" Size="0x00016000" TimeStamp="07/16/2016 05:18:42" FileVersion="6.2.14393.0" ProductVersion="10.0.14393.0"/><Module FullPath="C:\Windows\System32\cscapi.dll" BaseAddress="0xcb530000" Size="0x00012000" TimeStamp="07/16/2016 05:18:30" FileVersion="6.2.14393.0" ProductVersion="10.0.14393.0"/><Module FullPath="C:\Windows\System32\setupapi.dll" BaseAddress="0xe0560000" Size="0x00429000" TimeStamp="10/24/2018 20:01:53" FileVersion="6.2.14393.2608" ProductVersion="10.0.14393.2608"/><Module FullPath="C:\Windows\System32\devobj.dll" BaseAddress="0xdd3b0000" Size="0x00028000" TimeStamp="07/16/2016 05:18:41" FileVersion="6.2.14393.0" ProductVersion="10.0.14393.0"/><Module FullPath="C:\Windows\System32\EhStorShell.dll" BaseAddress="0xbb640000" Size="0x00036000" TimeStamp="07/16/2016 05:18:33" FileVersion="6.2.14393.0" ProductVersion="10.0.14393.0"/><Module FullPath="C:\Windows\System32\coml2.dll" BaseAddress="0xdfea0000" Size="0x0006f000" TimeStamp="10/24/2018 19:59:34" FileVersion="6.2.14393.2608" ProductVersion="10.0.14393.2608"/><Module FullPath="C:\Windows\System32\NetworkExplorer.dll" BaseAddress="0xb1d60000" Size="0x00127000" TimeStamp="07/16/2016 05:18:46" FileVersion="6.2.14393.0" ProductVersion="10.0.14393.0"/><Module FullPath="C:\Windows\System32\linkinfo.dll" BaseAddress="0xca7a0000" Size="0x00010000" TimeStamp="07/16/2016 05:18:49" FileVersion="6.2.14393.0" ProductVersion="10.0.14393.0"/><Module FullPath="C:\Program Files (x86)\ownCloud\shellext_x64\OCOverlays.dll" BaseAddress="0xb4c00000" Size="0x001c1000" TimeStamp="12/11/2020 07:21:48" FileVersion="1.0.0.46" ProductVersion="1.0.0.46"/><Module FullPath="C:\Windows\System32\AcSignIcon.dll" BaseAddress="0xc0160000" Size="0x00012000" TimeStamp="02/15/2017 00:30:40" FileVersion="22.0.50.0" ProductVersion="22.0.50.0"/><Module FullPath="C:\Windows\System32\cscui.dll" BaseAddress="0xbb570000" Size="0x000c4000" TimeStamp="03/13/2019 21:45:26" FileVersion="6.2.14393.2879" ProductVersion="10.0.14393.2879"/><Module FullPath="C:\Windows\System32\dfscli.dll" BaseAddress="0xcdd50000" Size="0x00015000" TimeStamp="07/16/2016 05:18:41" FileVersion="6.2.14393.0" ProductVersion="10.0.14393.0"/><Module FullPath="C:\Program Files\Common Files\Autodesk Shared\AcSignCore16.dll" BaseAddress="0xbb420000" Size="0x00069000" TimeStamp="08/20/2017 23:19:12" FileVersion="22.0.154.0" ProductVersion="22.0.154.0"/><Module FullPath="C:\Windows\System32\ntshrui.dll" BaseAddress="0xc03e0000" Size="0x000d2000" TimeStamp="02/18/2020 23:52:33" FileVersion="6.2.14393.3541" ProductVersion="10.0.14393.3541"/><Module FullPath="C:\Windows\System32\srvcli.dll" BaseAddress="0xd1d00000" Size="0x00026000" TimeStamp="07/16/2016 05:18:41" FileVersion="6.2.14393.0" ProductVersion="10.0.14393.0"/><Module FullPath="C:\Windows\System32\browcli.dll" BaseAddress="0xcda90000" Size="0x00014000" TimeStamp="07/16/2016 05:19:30" FileVersion="6.2.14393.0" ProductVersion="10.0.14393.0"/><Module FullPath="C:\Windows\System32\IconCodecService.dll" BaseAddress="0xc9fc0000" Size="0x00009000" TimeStamp="02/02/2018 10:37:32" FileVersion="6.2.14393.1715" ProductVersion="10.0.14393.1715"/><Module FullPath="C:\Windows\System32\policymanager.dll" BaseAddress="0xd4540000" Size="0x00043000" TimeStamp="09/01/2020 22:28:08" FileVersion="6.2.14393.3930" ProductVersion="10.0.14393.3930"/><Module FullPath="C:\Windows\System32\msvcp110_win.dll" BaseAddress="0xdd150000" Size="0x00091000" TimeStamp="12/31/2017 21:18:13" FileVersion="6.2.14393.2007" ProductVersion="10.0.14393.2007"/><Module FullPath="C:\Windows\System32\ntmarta.dll" BaseAddress="0xdd400000" Size="0x00032000" TimeStamp="07/16/2016 05:18:41" FileVersion="6.2.14393.0" ProductVersion="10.0.14393.0"/><Module FullPath="C:\Windows\System32\OneCoreCommonProxyStub.dll" BaseAddress="0xc8630000" Size="0x00051000" TimeStamp="07/14/2018 21:27:37" FileVersion="6.2.14393.2395" ProductVersion="10.0.14393.2395"/><Module FullPath="C:\Windows\System32\Windows.Storage.Search.dll" BaseAddress="0xa5350000" Size="0x000ca000" TimeStamp="10/24/2018 19:12:08" FileVersion="6.2.14393.2608" ProductVersion="10.0.14393.2608"/><Module FullPath="C:\Program Files\Common Files\microsoft shared\ink\tiptsf.dll" BaseAddress="0xcb1a0000" Size="0x00098000" TimeStamp="06/01/2020 21:47:13" FileVersion="6.2.14393.3750" ProductVersion="10.0.14393.3750"/></Modules></Exception>
