Freq,Trace1,Trace2,Trace3,Trace4
100000000,-73.9355279985175,0,0,0
118625000,-73.6880283279544,0,0,0
137250000,-73.2805865682158,0,0,0
155875000,-73.4100793386019,0,0,0
174500000,-72.6680833352409,0,0,0
193125000,-72.7436672393767,0,0,0
211750000,-72.0925157040797,0,0,0
230375000,-71.6998076246753,0,0,0
249000000,-71.3386037702837,0,0,0
267625000,-70.1323237338203,0,0,0
286250000,-69.1526097555089,0,0,0
304875000,-67.847628537927,0,0,0
323500000,-65.8879576255585,0,0,0
342125000,-65.0046177450041,0,0,0
360750000,-64.9290630874106,0,0,0
379375000,-62.6349524211512,0,0,0
398000000,-62.3560695510921,0,0,0
416625000,-58.4384274758583,0,0,0
435250000,-51.9955739167356,0,0,0
453875000,-45.4540461691427,0,0,0
472500000,-46.1148126561413,0,0,0
491125000,-51.466396415636,0,0,0
509750000,-53.0851145658372,0,0,0
528375000,-55.2751612572795,0,0,0
547000000,-55.975333698794,0,0,0
565625000,-44.0159271086634,0,0,0
584250000,-44.8011720359011,0,0,0
602875000,-45.1699194579536,0,0,0
621500000,-44.8630865027921,0,0,0
640125000,-42.0865964626464,0,0,0
658750000,-37.3292088568351,0,0,0
677375000,-28.4191001616147,0,0,0
696000000,-32.0493288608854,0,0,0
714625000,-38.2800842203206,0,0,0
733250000,-40.3191027415134,0,0,0
751875000,-35.0560837585232,0,0,0
770500000,-27.6212061710737,0,0,0
789125000,-36.902371207656,0,0,0
807750000,-38.4718543809663,0,0,0
826375000,-28.9128989188632,0,0,0
845000000,-25.0900130409448,0,0,0
863625000,-31.699239934271,0,0,0
882250000,-26.5097938267077,0,0,0
900875000,-26.146640371829,0,0,0
919500000,-29.1172214662619,0,0,0
938125000,-29.1649520150938,0,0,0
956750000,-27.5856172318188,0,0,0
975375000,-29.010414943677,0,0,0
994000000,-28.4613036384732,0,0,0
1012625000,-29.5558170281809,0,0,0
1031250000,-28.8210226859974,0,0,0
1049875000,-28.8262465915498,0,0,0
1068500000,-29.357600540895,0,0,0
1087125000,-29.3426396948408,0,0,0
1105750000,-29.0040368134332,0,0,0
1124375000,-28.1127703318712,0,0,0
1143000000,-31.0611087805713,0,0,0
1161625000,-29.2839640761488,0,0,0
1180250000,-29.4267079042486,0,0,0
1198875000,-27.9291218767697,0,0,0
1217500000,-28.6613884770482,0,0,0
1236125000,-30.2229990223772,0,0,0
1254750000,-27.6923548290175,0,0,0
1273375000,-28.628027626605,0,0,0
1292000000,-28.2146568666786,0,0,0
1310625000,-27.9218546415283,0,0,0
1329250000,-30.1003878152993,0,0,0
1347875000,-27.4049746086835,0,0,0
1366500000,-28.1047348587647,0,0,0
1385125000,-27.4216179356812,0,0,0
1403750000,-27.421972186604,0,0,0
1422375000,-29.8214479329987,0,0,0
1441000000,-27.4331205473921,0,0,0
1459625000,-27.4049506569162,0,0,0
1478250000,-29.893454097399,0,0,0
1496875000,-28.7786408098448,0,0,0
1515500000,-29.3549921096047,0,0,0
1534125000,-29.0002722400025,0,0,0
1552750000,-27.7663242356009,0,0,0
1571375000,-29.0658909535303,0,0,0
1590000000,-32.1714358348119,0,0,0
1608625000,-29.8180023173402,0,0,0
1627250000,-29.8244303730105,0,0,0
1645875000,-30.6052586934559,0,0,0
1664500000,-29.3520215120509,0,0,0
1683125000,-29.9049196089461,0,0,0
1701750000,-32.4895338409404,0,0,0
1720375000,-30.7450184343004,0,0,0
1739000000,-30.3398322641435,0,0,0
1757625000,-30.9256746811763,0,0,0
1776250000,-29.3954025371427,0,0,0
1794875000,-28.9400346352297,0,0,0
1813500000,-29.6798822930941,0,0,0
1832125000,-30.1753533177287,0,0,0
1850750000,-30.1978622838012,0,0,0
1869375000,-28.7659752258528,0,0,0
1888000000,-28.5938380141303,0,0,0
1906625000,-28.3887294439223,0,0,0
1925250000,-28.5067795540845,0,0,0
1943875000,-29.4266576061248,0,0,0
1962500000,-30.1356054349481,0,0,0
1981125000,-29.8989641422347,0,0,0
1999750000,-29.1482872623161,0,0,0
2018375000,-29.1591152850165,0,0,0
2037000000,-29.0346932738374,0,0,0
2055625000,-30.1207430342612,0,0,0
2074250000,-31.4788678888245,0,0,0
2092875000,-30.8568973598728,0,0,0
2111500000,-30.9200997480204,0,0,0
2130125000,-30.4605719793763,0,0,0
2148750000,-29.5522292363989,0,0,0
2167375000,-29.9065705434627,0,0,0
2186000000,-31.5757460709394,0,0,0
2204625000,-32.5925727646724,0,0,0
2223250000,-33.057297207246,0,0,0
2241875000,-32.5957695598534,0,0,0
2260500000,-32.2790637762789,0,0,0
2279125000,-32.0935646060885,0,0,0
2297750000,-31.3405817605832,0,0,0
2316375000,-31.4148277203912,0,0,0
2335000000,-31.8049222937329,0,0,0
2353625000,-33.0949040834073,0,0,0
2372250000,-33.6037901457245,0,0,0
2390875000,-32.5304106081333,0,0,0
2409500000,-30.5305264531403,0,0,0
2428125000,-30.6510751402361,0,0,0
2446750000,-30.0846980564698,0,0,0
2465375000,-29.9084491578009,0,0,0
2484000000,-29.7554004833582,0,0,0
2502625000,-31.1250325959006,0,0,0
2521250000,-31.4932242156568,0,0,0
2539875000,-31.3868295930605,0,0,0
2558500000,-30.6752323868436,0,0,0
2577125000,-30.6533235568123,0,0,0
2595750000,-31.108517835073,0,0,0
2614375000,-32.1524592903914,0,0,0
2633000000,-31.9934336104186,0,0,0
2651625000,-31.9329765439468,0,0,0
2670250000,-32.2761964288495,0,0,0
2688875000,-33.5421006867149,0,0,0
2707500000,-33.981416309795,0,0,0
2726125000,-33.4544900535872,0,0,0
2744750000,-32.3987397287413,0,0,0
2763375000,-31.9202447393768,0,0,0
2782000000,-32.192411272117,0,0,0
2800625000,-33.2531211195193,0,0,0
2819250000,-34.0260989966345,0,0,0
2837875000,-34.0643926703091,0,0,0
2856500000,-34.007691690863,0,0,0
2875125000,-33.788678991692,0,0,0
2893750000,-33.3650471422682,0,0,0
2912375000,-32.9271485363854,0,0,0
2931000000,-32.3231866969353,0,0,0
2949625000,-31.6118545204965,0,0,0
2968250000,-31.4284533287634,0,0,0
2986875000,-32.0595920106805,0,0,0
3005500000,-32.7376463211313,0,0,0
3024125000,-31.7486844026502,0,0,0
3042750000,-31.7281468063774,0,0,0
3061375000,-31.5752958347411,0,0,0
3080000000,-31.5583072352613,0,0,0
3098625000,-32.4721854703383,0,0,0
3117250000,-32.3618485462132,0,0,0
3135875000,-32.8270724169702,0,0,0
3154500000,-32.9590968014902,0,0,0
3173125000,-33.190555810756,0,0,0
3191750000,-34.1214564484376,0,0,0
3210375000,-34.5507665242223,0,0,0
3229000000,-34.2120761205359,0,0,0
3247625000,-33.5196976876419,0,0,0
3266250000,-32.8341324803258,0,0,0
3284875000,-32.9691946918135,0,0,0
3303500000,-33.5400721188793,0,0,0
3322125000,-34.1094754405032,0,0,0
3340750000,-34.5644933909482,0,0,0
3359375000,-34.0410560026859,0,0,0
3378000000,-33.8319681296363,0,0,0
3396625000,-33.7180532698898,0,0,0
3415250000,-33.6636892727442,0,0,0
3433875000,-33.8584471127469,0,0,0
3452500000,-34.4750835700161,0,0,0
3471125000,-34.1121543711587,0,0,0
3489750000,-34.0057982777986,0,0,0
3508375000,-32.9548443146846,0,0,0
3527000000,-32.9664367027071,0,0,0
3545625000,-32.3852285754693,0,0,0
3564250000,-32.8152370065667,0,0,0
3582875000,-32.9257072263334,0,0,0
3601500000,-33.4489955080977,0,0,0
3620125000,-33.1921764589214,0,0,0
3638750000,-33.2653848921338,0,0,0
3657375000,-32.9682955435063,0,0,0
3676000000,-33.053785734237,0,0,0
3694625000,-32.9226855086922,0,0,0
3713250000,-33.1111936527527,0,0,0
3731875000,-33.558061597298,0,0,0
3750500000,-33.7968433646016,0,0,0
3769125000,-34.751429917495,0,0,0
3787750000,-35.3144070650721,0,0,0
3806375000,-35.5827776780907,0,0,0
3825000000,-35.5783452663994,0,0,0
3843625000,-35.2056492898988,0,0,0
3862250000,-34.194195345615,0,0,0
3880875000,-34.2214390696651,0,0,0
3899500000,-34.1752046896816,0,0,0
3918125000,-34.6270778309078,0,0,0
3936750000,-34.7729816368811,0,0,0
3955375000,-35.5127611157365,0,0,0
3974000000,-35.3192479521204,0,0,0
3992625000,-35.0647324542437,0,0,0
4011250000,-34.490000695195,0,0,0
4029875000,-34.6040033020961,0,0,0
4048500000,-34.2259808037737,0,0,0
4067125000,-34.3002136046204,0,0,0
4085750000,-34.3261784990348,0,0,0
4104375000,-34.2570993316927,0,0,0
4123000000,-33.9019651232972,0,0,0
4141625000,-33.8680589374255,0,0,0
4160250000,-34.1406060245698,0,0,0
4178875000,-34.711467829986,0,0,0
4197500000,-34.9208453105647,0,0,0
4216125000,-34.9924082522679,0,0,0
4234750000,-35.2862630114508,0,0,0
4253375000,-35.1336462136401,0,0,0
4272000000,-35.1382607204863,0,0,0
4290625000,-34.912058639935,0,0,0
4309250000,-35.6328716882532,0,0,0
4327875000,-35.7757605400113,0,0,0
4346500000,-36.1964939873044,0,0,0
4365125000,-35.9592372210433,0,0,0
4383750000,-36.1895982628469,0,0,0
4402375000,-36.2045055117158,0,0,0
4421000000,-36.620492269303,0,0,0
4439625000,-36.1974220747809,0,0,0
4458250000,-36.2332565371753,0,0,0
4476875000,-36.4389743273928,0,0,0
4495500000,-36.3007414881033,0,0,0
4514125000,-36.1423158889716,0,0,0
4532750000,-36.0554354351466,0,0,0
4551375000,-35.5628956463936,0,0,0
4570000000,-35.8780890276767,0,0,0
4588625000,-35.8085743276351,0,0,0
4607250000,-36.1428808188967,0,0,0
4625875000,-36.2989862676881,0,0,0
4644500000,-36.0627038681001,0,0,0
4663125000,-36.267411919876,0,0,0
4681750000,-35.7820445575976,0,0,0
4700375000,-35.6538611122776,0,0,0
4719000000,-35.9935555750454,0,0,0
4737625000,-35.6401562547359,0,0,0
4756250000,-35.8010640273206,0,0,0
4774875000,-35.932525969407,0,0,0
4793500000,-36.4291873374025,0,0,0
4812125000,-36.1060258277525,0,0,0
4830750000,-36.6882747626664,0,0,0
4849375000,-37.1867793182695,0,0,0
4868000000,-37.2489664327328,0,0,0
4886625000,-37.4376880553753,0,0,0
4905250000,-37.2354453545355,0,0,0
4923875000,-37.3515492265426,0,0,0
4942500000,-37.1429577174917,0,0,0
4961125000,-37.0814723910381,0,0,0
4979750000,-36.817072865193,0,0,0
4998375000,-36.9756039122458,0,0,0
5017000000,-36.8377166314755,0,0,0
5035625000,-37.2803451468833,0,0,0
5054250000,-37.4473681958449,0,0,0
5072875000,-37.7424700637997,0,0,0
5091500000,-37.8954997894258,0,0,0
5110125000,-38.0920217563713,0,0,0
5128750000,-37.6749597635836,0,0,0
5147375000,-37.7907493715318,0,0,0
5166000000,-37.8083857999102,0,0,0
5184625000,-37.6481743659985,0,0,0
5203250000,-37.4594900400882,0,0,0
5221875000,-37.0736122246407,0,0,0
5240500000,-36.9588287669892,0,0,0
5259125000,-36.9755133883566,0,0,0
5277750000,-36.9243092826356,0,0,0
5296375000,-37.2267051753073,0,0,0
5315000000,-36.8077576945541,0,0,0
5333625000,-36.8520660672492,0,0,0
5352250000,-37.0800558825481,0,0,0
5370875000,-37.1786725858807,0,0,0
5389500000,-37.016486942886,0,0,0
5408125000,-36.7389541992202,0,0,0
5426750000,-37.0337055719384,0,0,0
5445375000,-37.2829267758775,0,0,0
5464000000,-37.3445897035636,0,0,0
5482625000,-37.2208916049662,0,0,0
5501250000,-37.0403089610497,0,0,0
5519875000,-37.5285591233366,0,0,0
5538500000,-37.782004558296,0,0,0
5557125000,-37.7731002446159,0,0,0
5575750000,-37.8799896123087,0,0,0
5594375000,-38.1935596285954,0,0,0
5613000000,-38.0936131028196,0,0,0
5631625000,-38.0769083979046,0,0,0
5650250000,-38.2206289248395,0,0,0
5668875000,-38.3475102035812,0,0,0
5687500000,-37.5874403153118,0,0,0
5706125000,-38.0881820150866,0,0,0
5724750000,-37.7110114148711,0,0,0
5743375000,-37.8402126949078,0,0,0
5762000000,-38.0830265038832,0,0,0
5780625000,-38.2153043943764,0,0,0
5799250000,-38.4468025834293,0,0,0
5817875000,-38.4086818049176,0,0,0
5836500000,-38.1334202850027,0,0,0
5855125000,-37.8327335579519,0,0,0
5873750000,-38.068986215955,0,0,0
5892375000,-37.8598395193614,0,0,0
5911000000,-37.8736440976284,0,0,0
5929625000,-38.0491294813263,0,0,0
5948250000,-38.4254720593103,0,0,0
5966875000,-38.4859850304702,0,0,0
5985500000,-38.3190224935527,0,0,0
6004125000,-38.3133984794142,0,0,0
6022750000,-38.0367557697672,0,0,0
6041375000,-38.1735027551265,0,0,0
6060000000,-38.5020920097026,0,0,0
6078625000,-38.7637121001657,0,0,0
6097250000,-38.6790943416126,0,0,0
6115875000,-39.084759194338,0,0,0
6134500000,-39.0344142380402,0,0,0
6153125000,-39.3128614508175,0,0,0
6171750000,-38.8387958902172,0,0,0
6190375000,-38.8855430347226,0,0,0
6209000000,-38.8241697875214,0,0,0
6227625000,-38.8595762770738,0,0,0
6246250000,-38.9660127701979,0,0,0
6264875000,-39.3476464238732,0,0,0
6283500000,-39.6830578131401,0,0,0
6302125000,-39.7898459223875,0,0,0
6320750000,-39.6868404228525,0,0,0
6339375000,-39.7573102993932,0,0,0
6358000000,-39.5802904265796,0,0,0
6376625000,-39.4224245089997,0,0,0
6395250000,-39.1099103338999,0,0,0
6413875000,-39.2876333112666,0,0,0
6432500000,-39.228754654206,0,0,0
6451125000,-39.4547086775562,0,0,0
6469750000,-39.4418908196911,0,0,0
6488375000,-39.6088879745821,0,0,0
6507000000,-39.4825527138416,0,0,0
6525625000,-39.4059033667703,0,0,0
6544250000,-39.3570920008674,0,0,0
6562875000,-39.3066741766538,0,0,0
6581500000,-39.3569386388319,0,0,0
6600125000,-39.2589944631145,0,0,0
6618750000,-40.1843634982567,0,0,0
6637375000,-40.6159202211529,0,0,0
6656000000,-40.2639446323702,0,0,0
6674625000,-40.2534367686629,0,0,0
6693250000,-40.4225536094211,0,0,0
6711875000,-39.3240470532849,0,0,0
6730500000,-39.4688489269685,0,0,0
6749125000,-39.3166629100021,0,0,0
6767750000,-39.3365943726203,0,0,0
6786375000,-39.6831598642061,0,0,0
6805000000,-40.1766336057758,0,0,0
6823625000,-40.7729145120551,0,0,0
6842250000,-40.957588920584,0,0,0
6860875000,-41.1131967605848,0,0,0
6879500000,-41.1885135867391,0,0,0
6898125000,-40.5196035357715,0,0,0
6916750000,-40.4126886903275,0,0,0
6935375000,-40.0217761862086,0,0,0
6954000000,-40.0321359374913,0,0,0
6972625000,-40.0021662389747,0,0,0
6991250000,-40.1536281568974,0,0,0
7009875000,-40.5201182089934,0,0,0
7028500000,-40.6810654386153,0,0,0
7047125000,-40.4656144594751,0,0,0
7065750000,-40.883621545188,0,0,0
7084375000,-40.5532515354595,0,0,0
7103000000,-40.4554982047528,0,0,0
7121625000,-40.5052549686211,0,0,0
7140250000,-40.8530762880868,0,0,0
7158875000,-40.7229957634272,0,0,0
7177500000,-41.2593925103415,0,0,0
7196125000,-41.3560085143903,0,0,0
7214750000,-41.4446779829552,0,0,0
7233375000,-41.5515164621152,0,0,0
7252000000,-41.4498602296719,0,0,0
7270625000,-41.0998968899839,0,0,0
7289250000,-40.7661327682886,0,0,0
7307875000,-40.3792960077579,0,0,0
7326500000,-40.2235977375871,0,0,0
7345125000,-39.996965906147,0,0,0
7363750000,-40.3824639019637,0,0,0
7382375000,-40.8365662006748,0,0,0
7401000000,-41.289428466236,0,0,0
7419625000,-41.5818759847942,0,0,0
7438250000,-41.6259775315225,0,0,0
7456875000,-41.4875212736318,0,0,0
7475500000,-41.5866802779881,0,0,0
7494125000,-41.3589591986228,0,0,0
7512750000,-41.1521994962514,0,0,0
7531375000,-41.0070925232359,0,0,0
7550000000,-40.8675439268519,0,0,0
7568625000,-41.1043145780948,0,0,0
7587250000,-41.1737043901055,0,0,0
7605875000,-41.2097671382765,0,0,0
7624500000,-41.2298763342592,0,0,0
7643125000,-40.7271910263205,0,0,0
7661750000,-41.0608087402517,0,0,0
7680375000,-40.7562339256873,0,0,0
7699000000,-40.8170578907913,0,0,0
7717625000,-40.6829297719899,0,0,0
7736250000,-40.8715582130974,0,0,0
7754875000,-41.4227323316235,0,0,0
7773500000,-41.5942463967973,0,0,0
7792125000,-41.5746449322837,0,0,0
7810750000,-41.9461924356953,0,0,0
7829375000,-41.9825302612903,0,0,0
7848000000,-41.52291247052,0,0,0
7866625000,-41.1878076373377,0,0,0
7885250000,-41.128598762502,0,0,0
7903875000,-40.6963576187224,0,0,0
7922500000,-40.5818361674755,0,0,0
7941125000,-40.7213296975125,0,0,0
7959750000,-41.0998567452837,0,0,0
7978375000,-41.5053032759662,0,0,0
7997000000,-42.2020611333962,0,0,0
8015625000,-42.361112005126,0,0,0
8034250000,-42.2184916507147,0,0,0
8052875000,-42.0109036172592,0,0,0
8071500000,-41.8960393564689,0,0,0
8090125000,-41.6615423647779,0,0,0
8108750000,-41.5711027429265,0,0,0
8127375000,-41.5644016520474,0,0,0
8146000000,-41.6546709850076,0,0,0
8164625000,-41.5661691370039,0,0,0
8183250000,-41.875010682348,0,0,0
8201875000,-42.3067253405824,0,0,0
8220500000,-42.3064836295545,0,0,0
8239125000,-42.1426275003685,0,0,0
8257750000,-41.9580545468463,0,0,0
8276375000,-41.37443361188,0,0,0
8295000000,-41.4927704644938,0,0,0
8313625000,-41.5231609547292,0,0,0
8332250000,-41.5483134158034,0,0,0
8350875000,-41.9464016969358,0,0,0
8369500000,-42.3466037445435,0,0,0
8388125000,-42.9399542026053,0,0,0
8406750000,-42.8834189238996,0,0,0
8425375000,-43.1599549270422,0,0,0
8444000000,-43.115265126203,0,0,0
8462625000,-42.9861223971806,0,0,0
8481250000,-42.8258923141159,0,0,0
8499875000,-42.5570739745758,0,0,0
8518500000,-42.184453869434,0,0,0
8537125000,-41.6933945050976,0,0,0
8555750000,-41.6752302495047,0,0,0
8574375000,-41.6803350073128,0,0,0
8593000000,-42.1453612265416,0,0,0
8611625000,-42.532334543744,0,0,0
8630250000,-42.3638937913673,0,0,0
8648875000,-42.5395551998465,0,0,0
8667500000,-42.3169014826833,0,0,0
8686125000,-42.3185630939412,0,0,0
8704750000,-42.1961106909109,0,0,0
8723375000,-41.9028763385121,0,0,0
8742000000,-42.0469360534637,0,0,0
8760625000,-42.0941291972994,0,0,0
8779250000,-42.1315960301362,0,0,0
8797875000,-42.5463686913172,0,0,0
8816500000,-42.9168691621561,0,0,0
8835125000,-43.0773021167053,0,0,0
8853750000,-43.1699776999137,0,0,0
8872375000,-43.1425220913239,0,0,0
8891000000,-42.7355202365816,0,0,0
8909625000,-42.6284267180761,0,0,0
8928250000,-42.6719722410758,0,0,0
8946875000,-42.4260442159643,0,0,0
8965500000,-42.5107826339874,0,0,0
8984125000,-42.759678233465,0,0,0
9002750000,-42.7361934838033,0,0,0
9021375000,-43.0351083612183,0,0,0
9040000000,-43.4262722658979,0,0,0
9058625000,-43.3823954001969,0,0,0
9077250000,-43.5100446872063,0,0,0
9095875000,-43.5735992620055,0,0,0
9114500000,-43.3086575836244,0,0,0
9133125000,-43.2716002793498,0,0,0
9151750000,-43.1416377723449,0,0,0
9170375000,-42.7190503072562,0,0,0
9189000000,-43.1046441194858,0,0,0
9207625000,-43.0071392724809,0,0,0
9226250000,-43.0258229971888,0,0,0
9244875000,-43.2974182634057,0,0,0
9263500000,-43.4282568617658,0,0,0
9282125000,-43.8211504745284,0,0,0
9300750000,-43.5917759535955,0,0,0
9319375000,-43.2338449997206,0,0,0
9338000000,-43.2383314437968,0,0,0
9356625000,-41.8705689552563,0,0,0
9375250000,-43.2768670292555,0,0,0
9393875000,-43.4372561069746,0,0,0
9412500000,-43.7991741627062,0,0,0
9431125000,-44.1297439333836,0,0,0
9449750000,-44.2202930405656,0,0,0
9468375000,-44.7786161727716,0,0,0
9487000000,-45.1174655196566,0,0,0
9505625000,-45.214454721778,0,0,0
9524250000,-44.9840993859766,0,0,0
9542875000,-44.3939618278766,0,0,0
9561500000,-44.3399585460378,0,0,0
9580125000,-44.0537996164171,0,0,0
9598750000,-43.9407043613773,0,0,0
9617375000,-44.0490587260893,0,0,0
9636000000,-43.5578286666567,0,0,0
9654625000,-44.1042672568402,0,0,0
9673250000,-44.3430664143269,0,0,0
9691875000,-44.5517797755001,0,0,0
9710500000,-44.4279335389827,0,0,0
9729125000,-45.0492146889503,0,0,0
9747750000,-44.8863474876284,0,0,0
9766375000,-44.8764466326469,0,0,0
9785000000,-44.9128053331958,0,0,0
9803625000,-44.576163930475,0,0,0
9822250000,-44.8148832006636,0,0,0
9840875000,-45.0098736381868,0,0,0
9859500000,-44.9735777622027,0,0,0
9878125000,-44.9834490199338,0,0,0
9896750000,-45.2751371288953,0,0,0
9915375000,-45.148664360671,0,0,0
9934000000,-45.6403122613001,0,0,0
9952625000,-45.5110953116595,0,0,0
9971250000,-45.376576009509,0,0,0
9989875000,-45.3245072952884,0,0,0
10008500000,-45.2554962485439,0,0,0
10027125000,-45.3776618575055,0,0,0
10045750000,-45.0795188789721,0,0,0
10064375000,-45.4833350961294,0,0,0
10083000000,-45.6256956552691,0,0,0
10101625000,-46.2661355801441,0,0,0
10120250000,-46.3689245456624,0,0,0
10138875000,-46.4651477245437,0,0,0
10157500000,-46.3130570831552,0,0,0
10176125000,-46.7682006434291,0,0,0
10194750000,-47.0344652903715,0,0,0
10213375000,-46.7252736398343,0,0,0
10232000000,-46.4749364820759,0,0,0
10250625000,-46.3091935124778,0,0,0
10269250000,-46.1702709496047,0,0,0
10287875000,-45.9927790366739,0,0,0
10306500000,-46.1187001754499,0,0,0
10325125000,-46.0948403165443,0,0,0
10343750000,-45.9267148879686,0,0,0
10362375000,-46.5676371158759,0,0,0
10381000000,-46.8833449536427,0,0,0
10399625000,-46.9364605683424,0,0,0
10418250000,-47.3882073332929,0,0,0
10436875000,-47.3369089983825,0,0,0
10455500000,-47.3203984078057,0,0,0
10474125000,-47.03379154134,0,0,0
10492750000,-47.099881774065,0,0,0
10511375000,-47.0002777944182,0,0,0
10530000000,-47.122296679373,0,0,0
10548625000,-47.3200585455339,0,0,0
10567250000,-47.4976421470299,0,0,0
10585875000,-47.7272093350232,0,0,0
10604500000,-48.177404344895,0,0,0
10623125000,-48.3043594706771,0,0,0
10641750000,-48.3396413401757,0,0,0
10660375000,-48.1407938499187,0,0,0
10679000000,-47.7946637261622,0,0,0
10697625000,-47.9448321467413,0,0,0
10716250000,-47.834369065383,0,0,0
10734875000,-47.4966886402259,0,0,0
10753500000,-47.3796632318018,0,0,0
10772125000,-47.2308940305027,0,0,0
10790750000,-47.15776356243,0,0,0
10809375000,-47.4198431329441,0,0,0
10828000000,-47.6802592175703,0,0,0
10846625000,-48.341867436416,0,0,0
10865250000,-48.0164307563557,0,0,0
10883875000,-47.897865958549,0,0,0
10902500000,-48.0893512047635,0,0,0
10921125000,-47.8170335735152,0,0,0
10939750000,-47.5703075078434,0,0,0
10958375000,-47.4168222913424,0,0,0
10977000000,-47.3254137916306,0,0,0
10995625000,-46.9137017531085,0,0,0
11014250000,-46.9217663286256,0,0,0
11032875000,-47.2342683489556,0,0,0
11051500000,-47.7404807413472,0,0,0
11070125000,-47.9043232236202,0,0,0
11088750000,-48.0191496818356,0,0,0
11107375000,-48.6039779108106,0,0,0
11126000000,-49.2644541137944,0,0,0
11144625000,-49.0120682416034,0,0,0
11163250000,-48.9796819291364,0,0,0
11181875000,-48.7241084508414,0,0,0
11200500000,-48.5286242795767,0,0,0
11219125000,-48.4873626512861,0,0,0
11237750000,-48.4605412870162,0,0,0
11256375000,-48.4690422607911,0,0,0
11275000000,-48.1825620554711,0,0,0
11293625000,-48.1746956276082,0,0,0
11312250000,-48.5681378455999,0,0,0
11330875000,-48.8064345951555,0,0,0
11349500000,-49.0432351467141,0,0,0
11368125000,-48.9033719643759,0,0,0
11386750000,-48.5881877210079,0,0,0
11405375000,-48.4454334865259,0,0,0
11424000000,-48.3318791576053,0,0,0
11442625000,-48.3389906338919,0,0,0
11461250000,-47.5149100886468,0,0,0
11479875000,-47.4528568466476,0,0,0
11498500000,-47.023279688634,0,0,0
11517125000,-47.0728838024571,0,0,0
11535750000,-47.4318962832778,0,0,0
11554375000,-47.7177190846492,0,0,0
11573000000,-47.6832242019829,0,0,0
11591625000,-47.9476569680715,0,0,0
11610250000,-47.9894046840368,0,0,0
11628875000,-48.3502580148968,0,0,0
11647500000,-48.6368926344328,0,0,0
11666125000,-48.5669456538327,0,0,0
11684750000,-48.4220451782981,0,0,0
11703375000,-48.5050245513904,0,0,0
11722000000,-48.3312850329064,0,0,0
11740625000,-48.33509854517,0,0,0
11759250000,-48.5681731178796,0,0,0
11777875000,-48.813000019903,0,0,0
11796500000,-48.3343998148535,0,0,0
11815125000,-48.6566018720564,0,0,0
11833750000,-48.4774399339038,0,0,0
11852375000,-48.7893643658939,0,0,0
11871000000,-49.0386025909283,0,0,0
11889625000,-48.4849508696848,0,0,0
11908250000,-48.0734881662856,0,0,0
11926875000,-48.3578011370511,0,0,0
11945500000,-48.2770783685458,0,0,0
11964125000,-48.5847789955785,0,0,0
11982750000,-48.373424995653,0,0,0
12001375000,-47.7736842881206,0,0,0
12020000000,-47.9252058630084,0,0,0
12038625000,-47.7639187712063,0,0,0
12057250000,-47.7206292058879,0,0,0
12075875000,-47.5198262937984,0,0,0
12094500000,-47.5591694855283,0,0,0
12113125000,-47.4469568231999,0,0,0
12131750000,-47.490359277404,0,0,0
12150375000,-47.2840344424393,0,0,0
12169000000,-47.5004372624593,0,0,0
12187625000,-47.8866730332416,0,0,0
12206250000,-47.7176576426866,0,0,0
12224875000,-48.0978647696965,0,0,0
12243500000,-48.0077731688606,0,0,0
12262125000,-48.3382699948389,0,0,0
12280750000,-48.9013030739666,0,0,0
12299375000,-48.6953641698623,0,0,0
12318000000,-48.7433637113216,0,0,0
12336625000,-48.6708900471439,0,0,0
12355250000,-48.6282863090031,0,0,0
12373875000,-48.7069790035964,0,0,0
12392500000,-48.5440478674513,0,0,0
12411125000,-48.6919769624362,0,0,0
12429750000,-48.2319821390173,0,0,0
12448375000,-48.3367455043866,0,0,0
12467000000,-48.65657687253,0,0,0
12485625000,-48.9365587063795,0,0,0
12504250000,-48.5792944311199,0,0,0
12522875000,-48.4521410736453,0,0,0
12541500000,-48.385288616327,0,0,0
12560125000,-48.5292684575008,0,0,0
12578750000,-48.1594697829221,0,0,0
12597375000,-48.2628380169769,0,0,0
12616000000,-48.3373786302239,0,0,0
12634625000,-48.2681661217267,0,0,0
12653250000,-48.2319837051911,0,0,0
12671875000,-48.4136478972911,0,0,0
12690500000,-48.2545832580254,0,0,0
12709125000,-48.5831381792596,0,0,0
12727750000,-48.5418646198187,0,0,0
12746375000,-48.6977582470906,0,0,0
12765000000,-48.7247794995334,0,0,0
12783625000,-49.1978189077164,0,0,0
12802250000,-49.042140083315,0,0,0
12820875000,-48.9646155236328,0,0,0
12839500000,-48.6942093745078,0,0,0
12858125000,-48.4032052736845,0,0,0
12876750000,-48.4775896626342,0,0,0
12895375000,-48.6713023170093,0,0,0
12914000000,-48.645416517962,0,0,0
12932625000,-48.6656239331469,0,0,0
12951250000,-49.0834813212531,0,0,0
12969875000,-49.0952740231918,0,0,0
12988500000,-49.5594823121288,0,0,0
13007125000,-49.6918115378386,0,0,0
13025750000,-49.9386027248009,0,0,0
13044375000,-49.6590980836696,0,0,0
13063000000,-49.828229952653,0,0,0
13081625000,-49.3346041141658,0,0,0
13100250000,-49.850979330473,0,0,0
13118875000,-50.0372826309909,0,0,0
13137500000,-49.6023009388267,0,0,0
13156125000,-49.5347681158818,0,0,0
13174750000,-49.3711927709268,0,0,0
13193375000,-49.4829689671242,0,0,0
13212000000,-49.7160299538645,0,0,0
13230625000,-49.6303269571514,0,0,0
13249250000,-49.456337649845,0,0,0
13267875000,-49.7556775231757,0,0,0
13286500000,-50.207901842229,0,0,0
13305125000,-50.4064756199227,0,0,0
13323750000,-50.2413296628771,0,0,0
13342375000,-49.8475933636314,0,0,0
13361000000,-49.9073778078102,0,0,0
13379625000,-50.0727108307766,0,0,0
13398250000,-50.2477807148382,0,0,0
13416875000,-50.1644028396217,0,0,0
13435500000,-50.1649363917101,0,0,0
13454125000,-50.3218335799418,0,0,0
13472750000,-50.2871124573248,0,0,0
13491375000,-50.5246955380134,0,0,0
13510000000,-50.5586920872382,0,0,0
13528625000,-50.4835449070111,0,0,0
13547250000,-51.0815427929333,0,0,0
13565875000,-51.0240625630087,0,0,0
13584500000,-50.6784863515179,0,0,0
13603125000,-51.0275765036363,0,0,0
13621750000,-51.5534394833271,0,0,0
13640375000,-51.456698093303,0,0,0
13659000000,-51.2817908798481,0,0,0
13677625000,-51.0186701742546,0,0,0
13696250000,-51.391986186072,0,0,0
13714875000,-51.1263378157828,0,0,0
13733500000,-51.5025631954368,0,0,0
13752125000,-51.35060759657,0,0,0
13770750000,-51.1244900663087,0,0,0
13789375000,-51.0227699218627,0,0,0
13808000000,-51.5487398193653,0,0,0
13826625000,-51.249975203238,0,0,0
13845250000,-50.5635587877265,0,0,0
13863875000,-50.4315887417467,0,0,0
13882500000,-50.2850278772644,0,0,0
13901125000,-49.7859107390832,0,0,0
13919750000,-49.2676334767352,0,0,0
13938375000,-49.7474240353975,0,0,0
13957000000,-49.804584577522,0,0,0
13975625000,-50.3515910119158,0,0,0
13994250000,-51.130742050761,0,0,0
14012875000,-51.9633934880114,0,0,0
14031500000,-52.2141499198028,0,0,0
14050125000,-52.5834989650733,0,0,0
14068750000,-53.0969367438739,0,0,0
14087375000,-52.57569875909,0,0,0
14106000000,-52.0762634148439,0,0,0
14124625000,-52.2263213837646,0,0,0
14143250000,-52.0164580512328,0,0,0
14161875000,-51.6450095144899,0,0,0
14180500000,-51.4884401003769,0,0,0
14199125000,-51.516223760853,0,0,0
14217750000,-51.5721340258076,0,0,0
14236375000,-52.2361198059041,0,0,0
14255000000,-52.5410477591261,0,0,0
14273625000,-52.6446155348551,0,0,0
14292250000,-52.847706458365,0,0,0
14310875000,-53.1228168876257,0,0,0
14329500000,-53.0363069393599,0,0,0
14348125000,-52.5060670975127,0,0,0
14366750000,-52.3955693409374,0,0,0
14385375000,-52.1586693392736,0,0,0
14404000000,-51.782806764976,0,0,0
14422625000,-50.7519657385247,0,0,0
14441250000,-50.0221112129816,0,0,0
14459875000,-49.7382725187642,0,0,0
14478500000,-51.0343045342101,0,0,0
14497125000,-52.1980110313711,0,0,0
14515750000,-52.0380718188581,0,0,0
14534375000,-52.0206780570905,0,0,0
14553000000,-52.3743118097786,0,0,0
14571625000,-52.9248316143702,0,0,0
14590250000,-52.6822294804972,0,0,0
14608875000,-53.1536826413638,0,0,0
14627500000,-53.2750112214928,0,0,0
14646125000,-53.6497707632457,0,0,0
14664750000,-54.2234243565726,0,0,0
14683375000,-54.3377070641913,0,0,0
14702000000,-54.1519805865895,0,0,0
14720625000,-54.3673031451098,0,0,0
14739250000,-54.6527563804877,0,0,0
14757875000,-54.0708936429178,0,0,0
14776500000,-54.0218654032133,0,0,0
14795125000,-53.8960875476775,0,0,0
14813750000,-53.7837569677974,0,0,0
14832375000,-53.3954727097724,0,0,0
14851000000,-52.5434988655698,0,0,0
14869625000,-52.1219576128616,0,0,0
14888250000,-51.2639424462038,0,0,0
14906875000,-51.9250765705595,0,0,0
14925500000,-52.9869227167845,0,0,0
14944125000,-52.8494684455087,0,0,0
14962750000,-52.8637488161942,0,0,0
14981375000,-52.9015241768703,0,0,0
15000000000,-53.0814196523612,0,0,0